PRAGMA foreign_keys=OFF;
BEGIN TRANSACTION;
CREATE TABLE IF NOT EXISTS "schema_migrations" ("version" varchar NOT NULL PRIMARY KEY);
INSERT INTO schema_migrations VALUES('20230719054018');
INSERT INTO schema_migrations VALUES('20230719054020');
INSERT INTO schema_migrations VALUES('20230719054822');
INSERT INTO schema_migrations VALUES('20230719054823');
CREATE TABLE IF NOT EXISTS "ar_internal_metadata" ("key" varchar NOT NULL PRIMARY KEY, "value" varchar, "created_at" datetime(6) NOT NULL, "updated_at" datetime(6) NOT NULL);
INSERT INTO ar_internal_metadata VALUES('environment','development','2023-07-19 05:45:01.334908','2023-07-19 05:45:01.334908');
CREATE TABLE IF NOT EXISTS "questions" ("id" integer PRIMARY KEY AUTOINCREMENT NOT NULL, "title" varchar, "body" text, "created_at" datetime(6) NOT NULL, "updated_at" datetime(6) NOT NULL);
INSERT INTO questions VALUES(1,'Differnce between string and symbol',NULL,'2023-07-19 05:49:04.093329','2023-07-19 05:49:04.103543');
INSERT INTO questions VALUES(2,'Describe multiple ways to define an instance method in Ruby; now do the similar for class methods',NULL,'2023-07-19 05:53:42.318467','2023-07-19 05:53:42.324020');
INSERT INTO questions VALUES(3,'Which is generally the better option (not only for Ruby): a recursive function or an iterative one?',NULL,'2023-07-19 07:12:51.150276','2023-07-19 07:12:51.156840');
INSERT INTO questions VALUES(4,'What are #method_missing and #send? Why are they useful?',NULL,'2023-07-19 07:14:57.981184','2023-07-19 07:14:57.983910');
INSERT INTO questions VALUES(5,'What are the various Ruby runtimes, and how are they different?',NULL,'2023-07-19 07:17:10.693619','2023-07-19 07:17:10.697768');
INSERT INTO questions VALUES(6,'What does self mean when used in a class?',NULL,'2023-07-19 07:18:08.379925','2023-07-19 07:18:08.384052');
INSERT INTO questions VALUES(7,'Differnce between each and map method in ruby with example',NULL,'2023-07-19 08:33:17.456256','2023-07-19 08:33:17.462184');
INSERT INTO questions VALUES(8,'Ruby method for remove nil element from array.',NULL,'2023-07-19 08:34:49.630376','2023-07-19 08:34:49.635068');
INSERT INTO questions VALUES(9,'Difference betwwen load and require',NULL,'2023-07-19 09:13:39.888728','2023-07-19 09:13:39.894171');
INSERT INTO questions VALUES(10,'What are the various Ruby runtimes, and how are they different?',NULL,'2023-07-19 09:17:22.081617','2023-07-19 09:17:22.086610');
INSERT INTO questions VALUES(11,'Difference betwwen load and require',NULL,'2023-07-19 09:18:39.183447','2023-07-19 09:18:39.188232');
INSERT INTO questions VALUES(12,'present? & .empty? which method is ruby method',NULL,'2023-07-19 09:22:51.689979','2023-07-19 09:22:51.692639');
INSERT INTO questions VALUES(13,'use of tally method',NULL,'2023-07-19 09:25:24.060848','2023-07-19 09:25:24.066085');
INSERT INTO questions VALUES(14,'Differnce bteween nil and false in ruby?',NULL,'2023-07-19 09:27:35.160586','2023-07-19 09:27:35.165571');
INSERT INTO questions VALUES(15,'Name three level of access control for ruby methods',NULL,'2023-07-19 09:28:19.780816','2023-07-19 09:28:19.783542');
INSERT INTO questions VALUES(16,'class libraries in ruby',NULL,'2023-07-19 09:29:38.647787','2023-07-19 09:29:38.652789');
INSERT INTO questions VALUES(17,'naming convention',NULL,'2023-07-19 09:30:09.050349','2023-07-19 09:30:09.056593');
INSERT INTO questions VALUES(18,'differnce between class and module',NULL,'2023-07-19 09:32:52.812414','2023-07-19 09:32:52.816397');
INSERT INTO questions VALUES(19,'how an exception is handled in ruby',NULL,'2023-07-19 12:42:45.808327','2023-07-19 12:42:45.816966');
INSERT INTO questions VALUES(20,'what are freezing strin in ruby',NULL,'2023-07-19 12:55:44.728376','2023-07-19 12:55:44.734664');
INSERT INTO questions VALUES(21,'what are block and procs',NULL,'2023-07-19 12:56:36.718669','2023-07-19 12:56:36.726070');
INSERT INTO questions VALUES(22,'diffeernce betwwen proc and lambda',NULL,'2023-07-19 12:57:34.476535','2023-07-19 12:57:34.481103');
INSERT INTO questions VALUES(23,'why we used migration in rails',NULL,'2023-07-19 12:58:45.929408','2023-07-19 12:58:45.934296');
INSERT INTO questions VALUES(24,'what are generator in ruby on rails',NULL,'2023-07-19 12:59:07.803323','2023-07-19 12:59:07.808923');
INSERT INTO questions VALUES(25,'what is rails? how it wil work',NULL,'2023-07-19 12:59:30.318899','2023-07-19 12:59:30.324765');
INSERT INTO questions VALUES(26,'differnce between class and module',NULL,'2023-07-19 12:59:53.068191','2023-07-19 12:59:53.072963');
INSERT INTO questions VALUES(27,'what is migration & how rake:db migrate command know how many migration is pending',NULL,'2023-07-19 13:00:22.600856','2023-07-19 13:00:22.607402');
INSERT INTO questions VALUES(28,'what is csrf token',NULL,'2023-07-19 13:00:57.746718','2023-07-19 13:00:57.750976');
INSERT INTO questions VALUES(29,'explain scop of local, instance, class and global variable',NULL,'2023-07-19 13:01:20.156404','2023-07-19 13:01:20.161548');
INSERT INTO questions VALUES(30,'explain polymorphic association',NULL,'2023-07-19 13:01:53.768349','2023-07-19 13:01:53.772430');
INSERT INTO questions VALUES(31,'differnce between extend and include',NULL,'2023-07-19 13:02:20.164968','2023-07-19 13:02:20.171017');
INSERT INTO questions VALUES(32,'how you will improve project performance',NULL,'2023-07-19 13:02:43.142803','2023-07-19 13:02:43.151485');
INSERT INTO questions VALUES(33,'diffrence case in rspec',NULL,'2023-07-19 13:03:03.881296','2023-07-19 13:03:03.886721');
INSERT INTO questions VALUES(34,'what is microservices',NULL,'2023-07-19 13:03:35.963321','2023-07-19 13:03:35.970082');
INSERT INTO questions VALUES(35,'what is service and concern',NULL,'2023-07-19 13:03:57.005223','2023-07-19 13:03:57.010593');
INSERT INTO questions VALUES(36,'delayed job and sidekiq',NULL,'2023-07-19 13:04:24.507177','2023-07-19 13:04:24.512898');
INSERT INTO questions VALUES(37,'capistrano nginx setting',NULL,'2023-07-19 13:04:48.349463','2023-07-19 13:04:48.353496');
INSERT INTO questions VALUES(38,'differnce between put and patch',NULL,'2023-07-19 13:05:13.109372','2023-07-19 13:05:13.114468');
INSERT INTO questions VALUES(39,'diffrence between delete and destroy',NULL,'2023-07-19 13:05:34.279201','2023-07-19 13:05:34.283534');
INSERT INTO questions VALUES(40,'callback and filter difference',NULL,'2023-07-19 13:05:56.650584','2023-07-19 13:05:56.655499');
INSERT INTO questions VALUES(41,'what will return create method and save method',NULL,'2023-07-19 13:06:31.226284','2023-07-19 13:06:31.230169');
INSERT INTO questions VALUES(42,'what is orm',NULL,'2023-07-19 13:07:02.884148','2023-07-19 13:07:02.890643');
INSERT INTO questions VALUES(43,'how to integrate apis',NULL,'2023-07-19 13:08:30.211457','2023-07-19 13:08:30.217185');
INSERT INTO questions VALUES(44,'What is scope',NULL,'2023-07-19 13:10:04.824592','2023-07-19 13:10:04.828473');
INSERT INTO questions VALUES(45,'what is callback',NULL,'2023-07-19 13:10:27.117169','2023-07-19 13:10:27.122674');
INSERT INTO questions VALUES(46,'How many types of association relationship does a model have',NULL,'2023-07-19 13:24:55.700040','2023-07-19 13:24:55.704361');
INSERT INTO questions VALUES(47,'active record',NULL,'2023-07-19 13:28:41.474966','2023-07-19 13:28:41.480334');
INSERT INTO questions VALUES(48,'difference betwen gemfile and gemlock file',NULL,'2023-07-19 13:29:11.342127','2023-07-19 13:29:11.346701');
INSERT INTO questions VALUES(49,'differnce between includes and references',NULL,'2023-07-19 13:29:50.737687','2023-07-19 13:29:50.744994');
INSERT INTO questions VALUES(50,'what is differnce between find,findby and where',NULL,'2023-07-19 13:30:13.777395','2023-07-19 13:30:13.788586');
INSERT INTO questions VALUES(51,'what is the difference between , count length , size',NULL,'2023-07-19 13:30:40.872267','2023-07-19 13:30:40.878365');
INSERT INTO questions VALUES(52,'what is the difference between select, map , collect and each',NULL,'2023-07-19 13:31:10.577334','2023-07-19 13:31:10.583091');
INSERT INTO questions VALUES(53,'Define association for model multiple company, one user, differnt roles using user model HOw to design database for find which user belongs to which company',NULL,'2023-07-19 13:31:37.940748','2023-07-19 13:31:37.945833');
INSERT INTO questions VALUES(54,'what is join table and naming convention for join table',NULL,'2023-07-19 13:32:07.401175','2023-07-19 13:32:07.405292');
INSERT INTO questions VALUES(55,'how to retive value fro Ruby on RailsRubyExplorem polymorphic association',NULL,'2023-07-19 13:32:52.971148','2023-07-19 13:32:52.976327');
INSERT INTO questions VALUES(56,'what is n+1 quey, how to resolve this in rails',NULL,'2023-07-19 13:33:19.709189','2023-07-19 13:33:19.715404');
INSERT INTO questions VALUES(57,'differnece between soft delete and hard delete',NULL,'2023-07-24 09:36:35.929273','2023-07-24 09:36:35.937947');
INSERT INTO questions VALUES(58,'What is indexing in ruby on rails',NULL,'2023-07-24 09:36:59.075802','2023-07-24 09:36:59.090848');
INSERT INTO questions VALUES(59,'What is closure in ruby on rails',NULL,'2023-07-24 09:37:17.233069','2023-07-24 09:37:17.238014');
INSERT INTO questions VALUES(60,'What is web server vs application server',NULL,'2023-07-24 09:37:34.731341','2023-07-24 09:37:34.737061');
INSERT INTO questions VALUES(61,'what is mock and stub',NULL,'2023-07-24 09:37:47.093553','2023-07-24 09:37:47.099327');
INSERT INTO questions VALUES(62,'what is join post comment user',NULL,'2023-07-24 09:38:08.559984','2023-07-24 09:38:08.566152');
INSERT INTO questions VALUES(63,'Write the like query in ruby on rails',NULL,'2023-07-24 09:38:25.657558','2023-07-24 09:38:25.662763');
INSERT INTO questions VALUES(64,'what is getter and setter in ruby',NULL,'2023-07-24 09:38:53.105715','2023-07-24 09:38:53.111632');
INSERT INTO questions VALUES(65,'imp topic and defincation',NULL,'2023-07-28 07:27:47.138888','2023-07-28 07:27:47.153966');
INSERT INTO questions VALUES(66,'what is skinny and fat controller',NULL,'2023-07-28 07:28:58.269154','2023-07-28 07:28:58.271722');
INSERT INTO questions VALUES(67,'what is observer and callback in ruby',NULL,'2023-07-28 07:29:13.829557','2023-07-28 07:29:13.834550');
INSERT INTO questions VALUES(68,'what is active record',NULL,'2023-07-28 07:29:31.438411','2023-07-28 07:29:31.446511');
CREATE TABLE IF NOT EXISTS "answers" ("id" integer PRIMARY KEY AUTOINCREMENT NOT NULL, "body" text, "question_id" integer NOT NULL, "created_at" datetime(6) NOT NULL, "updated_at" datetime(6) NOT NULL, CONSTRAINT "fk_rails_3d5ed4418f"
FOREIGN KEY ("question_id")
  REFERENCES "questions" ("id")
);
INSERT INTO answers VALUES(1,NULL,1,'2023-07-19 05:50:07.014087','2023-07-19 05:50:07.047498');
INSERT INTO answers VALUES(2,NULL,2,'2023-07-19 05:55:20.180051','2023-07-19 05:55:20.187884');
INSERT INTO answers VALUES(3,NULL,3,'2023-07-19 07:13:37.603081','2023-07-19 07:13:37.617342');
INSERT INTO answers VALUES(4,NULL,4,'2023-07-19 07:15:22.200259','2023-07-19 07:15:22.208266');
INSERT INTO answers VALUES(5,NULL,5,'2023-07-19 07:17:25.391912','2023-07-19 07:17:25.398974');
INSERT INTO answers VALUES(6,NULL,6,'2023-07-19 07:18:53.717718','2023-07-19 07:18:53.722361');
INSERT INTO answers VALUES(7,NULL,7,'2023-07-19 08:33:29.691429','2023-07-19 08:33:29.694848');
INSERT INTO answers VALUES(8,NULL,7,'2023-07-19 08:33:57.268528','2023-07-19 08:33:57.273901');
INSERT INTO answers VALUES(9,NULL,7,'2023-07-19 08:34:10.750569','2023-07-19 08:34:10.767069');
INSERT INTO answers VALUES(10,NULL,8,'2023-07-19 08:34:55.892680','2023-07-19 08:34:55.898940');
INSERT INTO answers VALUES(11,NULL,9,'2023-07-19 09:14:34.333176','2023-07-19 09:14:34.341906');
INSERT INTO answers VALUES(12,NULL,12,'2023-07-19 09:23:23.593280','2023-07-19 09:23:23.597592');
INSERT INTO answers VALUES(13,NULL,13,'2023-07-19 09:26:24.323782','2023-07-19 09:26:24.328767');
INSERT INTO answers VALUES(14,NULL,14,'2023-07-19 09:27:53.846867','2023-07-19 09:27:53.850777');
INSERT INTO answers VALUES(15,NULL,15,'2023-07-19 09:28:49.850639','2023-07-19 09:28:49.857260');
INSERT INTO answers VALUES(16,NULL,16,'2023-07-19 09:29:56.332023','2023-07-19 09:29:56.339069');
INSERT INTO answers VALUES(17,NULL,17,'2023-07-19 09:30:21.285394','2023-07-19 09:30:21.334833');
INSERT INTO answers VALUES(18,NULL,18,'2023-07-19 09:33:07.944220','2023-07-19 09:33:07.950025');
INSERT INTO answers VALUES(19,NULL,19,'2023-07-19 12:43:03.352171','2023-07-19 12:43:03.366038');
INSERT INTO answers VALUES(20,NULL,20,'2023-07-19 12:56:03.795840','2023-07-19 12:56:03.800128');
INSERT INTO answers VALUES(21,NULL,21,'2023-07-19 12:56:46.674452','2023-07-19 12:56:46.678079');
INSERT INTO answers VALUES(22,NULL,22,'2023-07-19 12:58:12.467263','2023-07-19 12:58:12.471207');
INSERT INTO answers VALUES(23,NULL,23,'2023-07-19 12:58:48.687069','2023-07-19 12:58:48.696762');
INSERT INTO answers VALUES(24,NULL,24,'2023-07-19 12:59:15.279428','2023-07-19 12:59:15.282473');
INSERT INTO answers VALUES(25,NULL,25,'2023-07-19 12:59:39.914241','2023-07-19 12:59:39.920020');
INSERT INTO answers VALUES(26,NULL,26,'2023-07-19 13:00:04.829160','2023-07-19 13:00:04.843378');
INSERT INTO answers VALUES(27,NULL,27,'2023-07-19 13:00:35.891641','2023-07-19 13:00:35.898009');
INSERT INTO answers VALUES(28,NULL,28,'2023-07-19 13:01:08.411411','2023-07-19 13:01:08.415757');
INSERT INTO answers VALUES(29,NULL,29,'2023-07-19 13:01:32.589972','2023-07-19 13:01:32.595766');
INSERT INTO answers VALUES(30,NULL,30,'2023-07-19 13:01:59.245982','2023-07-19 13:01:59.249294');
INSERT INTO answers VALUES(31,NULL,31,'2023-07-19 13:02:28.308443','2023-07-19 13:02:28.314138');
INSERT INTO answers VALUES(32,NULL,32,'2023-07-19 13:02:51.690191','2023-07-19 13:02:51.695465');
INSERT INTO answers VALUES(33,NULL,33,'2023-07-19 13:03:13.760144','2023-07-19 13:03:13.765001');
INSERT INTO answers VALUES(34,NULL,34,'2023-07-19 13:03:40.199654','2023-07-19 13:03:40.206825');
INSERT INTO answers VALUES(35,NULL,35,'2023-07-19 13:04:07.944843','2023-07-19 13:04:07.949356');
INSERT INTO answers VALUES(36,NULL,36,'2023-07-19 13:04:33.725161','2023-07-19 13:04:33.729753');
INSERT INTO answers VALUES(37,NULL,37,'2023-07-19 13:04:58.293246','2023-07-19 13:04:58.300491');
INSERT INTO answers VALUES(38,NULL,38,'2023-07-19 13:05:22.253196','2023-07-19 13:05:22.257072');
INSERT INTO answers VALUES(39,NULL,39,'2023-07-19 13:05:41.691236','2023-07-19 13:05:41.694225');
INSERT INTO answers VALUES(40,NULL,40,'2023-07-19 13:06:13.624001','2023-07-19 13:06:13.628418');
INSERT INTO answers VALUES(41,NULL,41,'2023-07-19 13:06:40.843759','2023-07-19 13:06:40.849625');
INSERT INTO answers VALUES(42,NULL,42,'2023-07-19 13:08:01.335935','2023-07-19 13:08:01.339895');
INSERT INTO answers VALUES(43,NULL,43,'2023-07-19 13:08:38.556075','2023-07-19 13:08:38.560006');
INSERT INTO answers VALUES(44,NULL,44,'2023-07-19 13:10:10.489481','2023-07-19 13:10:10.494640');
INSERT INTO answers VALUES(45,NULL,45,'2023-07-19 13:12:18.529623','2023-07-19 13:12:18.533926');
INSERT INTO answers VALUES(46,NULL,46,'2023-07-19 13:25:03.014465','2023-07-19 13:25:03.017750');
INSERT INTO answers VALUES(47,NULL,47,'2023-07-19 13:28:50.699654','2023-07-19 13:28:50.706521');
INSERT INTO answers VALUES(48,NULL,48,'2023-07-19 13:29:34.822893','2023-07-19 13:29:34.827142');
INSERT INTO answers VALUES(49,NULL,49,'2023-07-19 13:29:59.433513','2023-07-19 13:29:59.437558');
INSERT INTO answers VALUES(50,NULL,50,'2023-07-19 13:30:23.992511','2023-07-19 13:30:23.996002');
INSERT INTO answers VALUES(51,NULL,51,'2023-07-19 13:30:53.397215','2023-07-19 13:30:53.406045');
INSERT INTO answers VALUES(52,NULL,52,'2023-07-19 13:31:18.850738','2023-07-19 13:31:18.856216');
INSERT INTO answers VALUES(53,NULL,53,'2023-07-19 13:31:52.779277','2023-07-19 13:31:52.782660');
INSERT INTO answers VALUES(54,NULL,54,'2023-07-19 13:32:28.109258','2023-07-19 13:32:28.115793');
INSERT INTO answers VALUES(55,NULL,55,'2023-07-19 13:33:03.701296','2023-07-19 13:33:03.706833');
INSERT INTO answers VALUES(56,NULL,56,'2023-07-19 13:33:28.535631','2023-07-19 13:33:28.539412');
INSERT INTO answers VALUES(57,NULL,64,'2023-07-25 12:40:25.895147','2023-07-25 12:40:25.911248');
INSERT INTO answers VALUES(58,NULL,65,'2023-07-28 07:27:51.260819','2023-07-28 07:27:51.289474');
CREATE TABLE IF NOT EXISTS "active_storage_blobs" ("id" integer PRIMARY KEY AUTOINCREMENT NOT NULL, "key" varchar NOT NULL, "filename" varchar NOT NULL, "content_type" varchar, "metadata" text, "service_name" varchar NOT NULL, "byte_size" bigint NOT NULL, "checksum" varchar, "created_at" datetime(6) NOT NULL);
CREATE TABLE IF NOT EXISTS "active_storage_attachments" ("id" integer PRIMARY KEY AUTOINCREMENT NOT NULL, "name" varchar NOT NULL, "record_type" varchar NOT NULL, "record_id" bigint NOT NULL, "blob_id" bigint NOT NULL, "created_at" datetime(6) NOT NULL, CONSTRAINT "fk_rails_c3b3935057"
FOREIGN KEY ("blob_id")
  REFERENCES "active_storage_blobs" ("id")
);
CREATE TABLE IF NOT EXISTS "active_storage_variant_records" ("id" integer PRIMARY KEY AUTOINCREMENT NOT NULL, "blob_id" bigint NOT NULL, "variation_digest" varchar NOT NULL, CONSTRAINT "fk_rails_993965df05"
FOREIGN KEY ("blob_id")
  REFERENCES "active_storage_blobs" ("id")
);
CREATE TABLE IF NOT EXISTS "action_text_rich_texts" ("id" integer PRIMARY KEY AUTOINCREMENT NOT NULL, "name" varchar NOT NULL, "body" text, "record_type" varchar NOT NULL, "record_id" bigint NOT NULL, "created_at" datetime(6) NOT NULL, "updated_at" datetime(6) NOT NULL);
INSERT INTO action_text_rich_texts VALUES(1,'body','','Question',1,'2023-07-19 05:49:04.101430','2023-07-19 05:49:04.101430');
INSERT INTO action_text_rich_texts VALUES(2,'body','<div>In some programming languages, like Ruby, Symbols and Strings are distinct data types, and understanding their differences and use cases is essential. Let''s compare them and provide examples to illustrate their distinctions:<br><br>1. **Mutability:**<br>   - Strings: Strings are usually mutable, meaning their contents can be changed after creation. For example, in Ruby:<br>     ```ruby<br>     str = "hello"<br>     str[0] = "H"<br>     puts str  # Output: "Hello"<br>     ```<br>   - Symbols: Symbols are immutable, meaning their values cannot be changed once they are created. Any attempt to modify a symbol''s value will raise an error. For example:<br>     ```ruby<br>     sym = :hello<br>     sym[0] = "H"  # This will raise an error: TypeError (no implicit conversion of String into Integer)<br>     ```<br><br>2. **Memory Usage:**<br>   - Strings: Each string is a separate object in memory, and creating multiple strings with the same content results in multiple objects consuming memory.<br>   - Symbols: Symbols, being immutable and unique, are more memory-efficient. When you create a symbol, it remains the same object in memory if the same symbol already exists. For example:<br>     ```ruby<br>     str1 = "hello"<br>     str2 = "hello"<br>     puts str1.object_id == str2.object_id  # Output: false<br><br>     sym1 = :hello<br>     sym2 = :hello<br>     puts sym1.object_id == sym2.object_id  # Output: true<br>     ```<br><br>3. **Comparison and Equality:**<br>   - Strings: Strings are compared based on their content. Two strings with the same sequence of characters are considered equal.<br>   - Symbols: Symbols are compared based on object identity, not their content. Two symbols with the same value are the same object in memory, even if they have different object IDs.<br>     ```ruby<br>     str1 = "hello"<br>     str2 = "hello"<br>     puts str1 == str2  # Output: true<br><br>     sym1 = :hello<br>     sym2 = :hello<br>     puts sym1 == sym2  # Output: true<br>     ```<br><br>4. **Use Cases:**<br>   - Strings: Strings are suitable for general-purpose text manipulation and representation, such as user input, messages, and data processing.<br>     ```ruby<br>     name = "John"<br>     puts "Hello, " + name  # Output: "Hello, John"<br>     ```<br>   - Symbols: Symbols are commonly used as lightweight, static identifiers, like keys in hash tables or method names in dynamic languages.<br>     ```ruby<br>     person = { :name =&gt; "John", :age =&gt; 30, :gender =&gt; "Male" }<br>     puts person[:name]  # Output: "John"<br>     ```<br><br>5. **Performance:**<br>   - Due to their immutability and memory efficiency, symbols can be faster for certain operations like hash table lookups.<br>   - Strings may be faster for text-processing tasks that involve concatenation or substring operations because creating new strings is often more straightforward than managing unique symbols.<br><br>In summary, use strings when you need mutable text data or when working with general-purpose text manipulation tasks. Use symbols when you need lightweight, unique identifiers, especially for hash keys or method names, and when memory efficiency and identity-based comparison are crucial.</div>','Answer',1,'2023-07-19 05:50:07.045229','2023-07-19 05:50:07.045229');
INSERT INTO action_text_rich_texts VALUES(3,'body','','Question',2,'2023-07-19 05:53:42.322143','2023-07-19 05:53:42.322143');
INSERT INTO action_text_rich_texts VALUES(4,'body',replace('<div>In Ruby, there are multiple ways to define both instance methods and class methods. I''ll describe each for you:<br><br>**Defining Instance Methods:**<br>1. **Using the `def` keyword:** The most common way to define an instance method is by using the `def` keyword within the class definition.<br><br>`</div><pre>class MyClass\n  def instance_method_name\n    # Method implementation\n  end\nend</pre><div><br><br>2. **Using the `define_method` method:** In Ruby, you can dynamically define instance methods using the `define_method` method. This is particularly useful when you want to create methods programmatically.<br><br></div><pre>```ruby\nclass MyClass\n  define_method :dynamic_instance_method do\n    # Method implementation\n  end\nend\n```</pre><div><br>3. **Using the `module_eval` or `class_eval` methods:** Both `module_eval` and `class_eval` allow you to define methods within the context of a class.<br><br></div><pre>```ruby\nclass MyClass\n  module_eval do\n    def instance_method_by_module_eval\n      # Method implementation\n    end\n  end\n\n  # Or\n\n  class_eval do\n    def instance_method_by_class_eval\n      # Method implementation\n    end\n  end\nend\n```</pre><div><br>**Defining Class Methods:**<br>1. **Using the `self` keyword:** Class methods are defined using the `self` keyword within the class definition.<br><br></div><pre>```ruby\nclass MyClass\n  def self.class_method_name\n    # Method implementation\n  end\nend\n```</pre><div><br>2. **Using the `def self.method_name` syntax:** This is another way to define class methods.<br><br></div><pre>```ruby\nclass MyClass\n  def self.class_method_name\n    # Method implementation\n  end\nend\n```</pre><div><br>3. **Using the `singleton_class` and `define_method`:** Similar to defining instance methods dynamically, you can also define class methods dynamically.<br><br></div><pre>```ruby\nclass MyClass\n  singleton_class.instance_eval do\n    def dynamic_class_method\n      # Method implementation\n    end\n  end\nend\n```</pre><div><br>4. **Using the `module_function` method:** This approach is useful when you want to define a method that can be used as both an instance method and a class method.<br><br></div><pre>```ruby\nmodule MyModule\n  def my_method\n    # Method implementation\n  end\n\n  module_function :my_method\nend\n```</pre><div><br>With the `module_function` declaration, you can call `MyModule.my_method` as a class method or include the module in a class and call `my_method` as an instance method.<br><br>Remember that class methods are called on the class itself, while instance methods are called on instances of the class. Choose the appropriate method definition style based on your specific needs and preferences.</div>','\n',char(10)),'Answer',2,'2023-07-19 05:55:20.186226','2023-07-19 05:55:20.186226');
INSERT INTO action_text_rich_texts VALUES(5,'body','','Question',3,'2023-07-19 07:12:51.155092','2023-07-19 07:12:51.155092');
INSERT INTO action_text_rich_texts VALUES(6,'body','<div>The choice between using a recursive function or an iterative one depends on the specific problem you are trying to solve, the data structures involved, and the language you are using. Both approaches have their strengths and weaknesses, and the better option often depends on the context. Let''s explore the characteristics of each:<br><br>**Recursive Functions:**<br>- Recursive functions are functions that call themselves to solve smaller subproblems.<br>- They are particularly useful for solving problems that can be naturally broken down into smaller instances of the same problem.<br>- Recursive functions can lead to more concise and elegant code, as they express the problem in a natural, recursive manner.<br>- They can be easier to understand for problems that have a recursive nature.<br>- However, recursive functions can sometimes lead to inefficient performance, especially for deeply nested recursion or problems with overlapping subproblems (e.g., in dynamic programming).<br>- Recursive function calls consume memory, as each call adds a new stack frame to the call stack.<br><br>**Iterative Functions:**<br>- Iterative functions use loops (e.g., `for`, `while`, `do-while`) to repeatedly execute a set of instructions until a certain condition is met.<br>- They are often used for problems that can be solved using iteration and when an explicit loop control is required.<br>- Iterative functions can be more efficient in terms of memory usage and performance, especially for problems that do not have a natural recursive structure.<br>- They may require more code compared to recursive functions for some problems, as you need to manage the loop control and variables explicitly.<br>- Iterative functions are generally more straightforward to optimize and avoid stack overflow errors, as they don''t rely on the call stack.<br><br>**Choosing the Better Option:**<br>- For problems with a natural recursive structure (e.g., tree traversal, certain mathematical problems), recursive functions can provide a more intuitive and elegant solution.<br>- For problems that do not have a natural recursive structure, iterative functions are often a better choice due to their efficiency and lower memory consumption.<br>- In some cases, you may find that a problem can be solved using either approach. In such situations, consider the performance and memory requirements of both solutions, as well as the clarity and maintainability of the code.<br><br>Ultimately, the better option depends on the specific problem and the trade-offs you are willing to make. Both recursive and iterative approaches have their merits, and experienced developers may choose one over the other based on their familiarity with the problem domain and the language they are using. In many cases, the key is to write code that is easy to understand, maintain, and optimize when needed.</div>','Answer',3,'2023-07-19 07:13:37.615049','2023-07-19 07:13:37.615049');
INSERT INTO action_text_rich_texts VALUES(7,'body','','Question',4,'2023-07-19 07:14:57.983001','2023-07-19 07:14:57.983001');
INSERT INTO action_text_rich_texts VALUES(8,'body',replace('<div>`#method_missing` and `#send` are both Ruby methods that provide powerful capabilities for dynamic method handling and invocation.<br><br>1. **`#method_missing`:**<br>   - `#method_missing` is a special method in Ruby that gets called when an object receives a method call that it does not understand or respond to.<br>   - This method is automatically invoked by Ruby when a method is called on an object that does not have a corresponding method defined.<br>   - The `#method_missing` method takes three arguments: the method name as a symbol, the arguments passed to the method, and a block if one was given.<br>   - It allows you to intercept and handle missing methods dynamically, giving you the ability to handle or delegate them in custom ways.<br>   - By overriding `#method_missing`, you can create flexible and dynamic objects that can respond to method calls not explicitly defined in their class.<br><br>   Example of using `#method_missing`:<br><br></div><pre>   ```ruby\n   class DynamicObject\n     def method_missing(method_name, *args)\n       puts "Calling #{method_name} with arguments: #{args}"\n     end\n   end\n\n   obj = DynamicObject.new\n   obj.some_dynamic_method(1, "hello", true)\n   # Output: Calling some_dynamic_method with arguments: [1, "hello", true]\n   ```</pre><div><br>2. **`#send`:**<br>   - `#send` is a built-in Ruby method that allows you to call a method on an object dynamically, using its name as a symbol.<br>   - It is an alternative way to call methods on an object without explicitly using the dot notation.<br>   - The first argument to `#send` is the method name as a symbol, followed by the method''s arguments if any.<br>   - This method is powerful for situations where you need to call a method whose name is known only at runtime or is generated dynamically.<br><br>   Example of using `#send`:<br><br></div><pre>   ```ruby\n   class Calculator\n     def add(a, b)\n       a + b\n     end\n\n     def subtract(a, b)\n       a - b\n     end\n   end\n\n   calculator = Calculator.new\n   method_name = :add\n   result = calculator.send(method_name, 5, 3)\n   puts result\n   # Output: 8\n   ```</pre><div><br>**Why are they useful?**<br>- `#method_missing` allows you to create objects that respond dynamically to method calls, which can be valuable for building flexible, domain-specific languages or implementing custom behavior in dynamic contexts.<br>- This technique is frequently used in frameworks and libraries to implement method chaining or proxy objects that intercept and handle method calls based on various criteria.<br>- `#send` is useful when you need to call methods on objects dynamically, based on variable conditions or input from users or external sources.<br>- It is commonly used in metaprogramming and reflection scenarios where the exact method name may not be known until runtime.<br>- However, caution must be exercised when using `#method_missing` and `#send`, as they can bypass access control mechanisms and potentially introduce security vulnerabilities or unexpected behavior if not used carefully.</div>','\n',char(10)),'Answer',4,'2023-07-19 07:15:22.205059','2023-07-19 07:15:22.205059');
INSERT INTO action_text_rich_texts VALUES(9,'body','<div>Imp: </div><ul><li>What are the various Ruby runtimes, and how are they different?</li></ul>','Question',5,'2023-07-19 07:17:10.696749','2023-07-19 07:17:10.696749');
INSERT INTO action_text_rich_texts VALUES(10,'body','<div>As of my last update in September 2021, there are several Ruby runtimes available, each with its own unique characteristics and differences. Here are the main Ruby runtimes along with their key features and distinctions:<br><br>1. **MRI (Matz''s Ruby Interpreter)**:<br>   - MRI is the official and most widely used Ruby interpreter, also known as CRuby.<br>   - It is the reference implementation of Ruby, developed by Yukihiro "Matz" Matsumoto.<br>   - MRI is written in C and provides good performance for most Ruby applications.<br>   - It is known for its stability and compatibility with most Ruby gems and libraries.<br>   - However, MRI is a Global Interpreter Lock (GIL) based interpreter, meaning it can only execute one thread at a time, which may limit concurrent execution for CPU-bound tasks.<br><br>2. **JRuby**:<br>   - JRuby is an implementation of Ruby on the Java Virtual Machine (JVM).<br>   - It allows seamless integration with existing Java libraries and applications.<br>   - JRuby supports native multithreading and can take advantage of the JVM''s capabilities for parallelism and concurrency.<br>   - It is well-suited for environments where Java compatibility is required or for applications that benefit from JVM optimizations and performance features.<br>   - JRuby can be useful for integrating Ruby and Java code in the same application.<br><br>3. **Rubinius**:<br>   - Rubinius is another Ruby implementation written in a combination of C++ and Ruby itself.<br>   - It aimed to be a faster and more efficient alternative to MRI, with a focus on concurrency and parallelism.<br>   - Rubinius uses Just-In-Time (JIT) compilation for improved performance.<br>   - The project was active but is no longer actively maintained as of my last update.<br><br>4. **TruffleRuby**:<br>   - TruffleRuby is an experimental Ruby implementation built on GraalVM, which is a high-performance polyglot virtual machine.<br>   - TruffleRuby aims to provide better performance, concurrency, and reduced memory usage compared to MRI.<br>   - It leverages GraalVM''s Just-In-Time (JIT) compiler and optimization capabilities to enhance Ruby execution speed.<br>   - TruffleRuby is still under development and may not be as stable or fully compatible with all Ruby applications and gems.<br><br>5. **MRuby**:<br>   - MRuby is a lightweight implementation of Ruby designed for use in embedded systems or situations where resource constraints are significant.<br>   - It is designed to be more compact and efficient than MRI.<br>   - MRuby omits some features of MRI to reduce its memory footprint and executable size.<br><br>Each Ruby runtime has its strengths and weaknesses, and the best choice depends on the specific use case and requirements of your application. MRI is the most widely used and mature Ruby runtime, but JRuby and TruffleRuby offer advantages in certain scenarios, such as integration with Java or performance optimization. When selecting a Ruby runtime, consider factors like performance, concurrency support, compatibility with existing libraries, and the nature of your application.</div>','Answer',5,'2023-07-19 07:17:25.396505','2023-07-19 07:17:25.396505');
INSERT INTO action_text_rich_texts VALUES(11,'body','','Question',6,'2023-07-19 07:18:08.382524','2023-07-19 07:18:08.382524');
INSERT INTO action_text_rich_texts VALUES(12,'body',replace('<div>In Ruby, `self` is a special keyword that has different meanings depending on the context in which it is used. When `self` is used inside a class definition (outside of any method), it refers to the class itself, rather than an instance of the class. In other words, it represents the current class object.<br><br>Let''s look at some examples to understand the usage of `self` inside a class:<br><br>1. **Class Method Definition:**</div><pre>   ```ruby\n   class MyClass\n     def self.class_method\n       puts "This is a class method."\n     end\n   end\n\n   # Calling the class method\n   MyClass.class_method\n   # Output: "This is a class method."\n   ```</pre><div><br>   In the example above, `self` inside the `class_method` definition refers to the class `MyClass`. It defines a class method that can be called on the class itself, rather than on an instance of the class.<br><br>2. **Constant Definition:**</div><pre>   ```ruby\n   class MyClass\n     MY_CONSTANT = 42\n\n     def self.print_constant\n       puts MY_CONSTANT\n     end\n   end\n\n   # Calling the class method to print the constant\n   MyClass.print_constant\n   # Output: 42\n   ```</pre><div><br>   In this case, the constant `MY_CONSTANT` is defined inside the class `MyClass`. When accessed using `self` inside the class method `print_constant`, it refers to the class `MyClass`, so the constant can be accessed directly.<br><br>3. **Class Instance Variable Assignment:**</div><pre>   ```ruby\n   class MyClass\n     def self.set_class_instance_variable(value)\n       @class_instance_var = value\n     end\n\n     def self.get_class_instance_variable\n       @class_instance_var\n     end\n   end\n\n   # Setting and getting class instance variable\n   MyClass.set_class_instance_variable("Hello")\n   puts MyClass.get_class_instance_variable\n   # Output: "Hello"\n   ```</pre><div><br>   In this example, `self` is used to assign and retrieve a class instance variable (`@class_instance_var`). Although instance variables are typically associated with instances of a class, they can also be used as class instance variables to store data at the class level.<br><br>In summary, when used inside a class definition, `self` refers to the class itself, allowing you to define and access class methods, constants, and class instance variables.</div>','\n',char(10)),'Answer',6,'2023-07-19 07:18:53.721273','2023-07-19 07:18:53.721273');
INSERT INTO action_text_rich_texts VALUES(13,'body','','Question',7,'2023-07-19 08:33:17.460203','2023-07-19 08:33:17.460203');
INSERT INTO action_text_rich_texts VALUES(14,'body','<div>https://learn-ror-with-bhartee-sahare.medium.com/exploring-each-map-collect-select-and-detect-to-fully-understand-iteration-and-transformation-246057a43ce6</div>','Answer',7,'2023-07-19 08:33:29.693676','2023-07-19 08:33:29.693676');
INSERT INTO action_text_rich_texts VALUES(15,'body','<div><span style="background-color: highlight;">https://learn-ror-with-bhartee-sahare.medium.com/exploring-each-map-collect-select-and-detect-to-fully-understand-iteration-and-transformation-246057a43ce6</span></div>','Answer',8,'2023-07-19 08:33:57.272483','2023-07-19 08:33:57.272483');
INSERT INTO action_text_rich_texts VALUES(16,'body','<div><a href="https://learn-ror-with-bhartee-sahare.medium.com/exploring-each-map-collect-select-and-detect-to-fully-understand-iteration-and-transformation-246057a43ce6">https://learn-ror-with-bhartee-sahare.medium.com/exploring-each-map-collect-select-and-detect-to-fully-understand-iteration-and-transformation-246057a43ce6</a></div><div><br><br></div>','Answer',9,'2023-07-19 08:34:10.755534','2023-07-19 08:34:10.755534');
INSERT INTO action_text_rich_texts VALUES(17,'body','','Question',8,'2023-07-19 08:34:49.633501','2023-07-19 08:34:49.633501');
INSERT INTO action_text_rich_texts VALUES(18,'body','<div><a href="https://learn-ror-with-bhartee-sahare.medium.com/removing-nil-elements-from-an-array-in-ruby-methods-and-techniques-4f6a5ffa4745">https://learn-ror-with-bhartee-sahare.medium.com/removing-nil-elements-from-an-array-in-ruby-methods-and-techniques-4f6a5ffa4745</a></div>','Answer',10,'2023-07-19 08:34:55.897288','2023-07-19 08:34:55.897288');
INSERT INTO action_text_rich_texts VALUES(19,'body','','Question',9,'2023-07-19 09:13:39.892111','2023-07-19 09:13:39.892111');
INSERT INTO action_text_rich_texts VALUES(20,'body','<div>In Ruby, both `load` and `require` are used to load and execute external Ruby files (also known as libraries or scripts) into your current Ruby program. However, there are some key differences between them:<br><br>1. **Usage:**<br>   - `require`: The `require` method is typically used to load external libraries or gems into your Ruby program. It ensures that a particular library is only loaded once, preventing duplicate loading of the same file.<br>   - `load`: The `load` method is used to load Ruby files into your program. It allows you to reload the same file multiple times if needed, even if the file has already been loaded before.<br><br>2. **Load Path:**<br>   - `require`: The `require` method searches for the specified file in the `$LOAD_PATH` (also accessible via `$:`), which is an array of directories where Ruby looks for required files.<br>   - `load`: The `load` method requires you to provide the full path to the file you want to load, or you can specify a relative path from the current working directory.<br><br>3. **File Extension:**<br>   - `require`: When using `require`, you can omit the file extension (e.g., `.rb`) if you''re requiring a Ruby file. If you want to require a non-Ruby file, you should include the extension.<br>   - `load`: When using `load`, you must include the file extension explicitly, regardless of whether it''s a Ruby file or any other file type.<br><br>4. **Return Value:**<br>   - `require`: The `require` method returns `true` if the file was successfully loaded and `false` if the file has already been loaded before.<br>   - `load`: The `load` method returns `true` if the file was successfully loaded and executed, or it returns `false` if there was an error during execution.<br><br>5. **Usage with Extensions:**<br>   - `require_relative`: The `require_relative` method is similar to `require`, but it loads a file relative to the current file''s directory, rather than searching the `$LOAD_PATH`.<br>   - `load` with a relative path: You can use `load` with a relative path to load a file relative to the current working directory. It does not rely on the `$LOAD_PATH`.<br><br>In summary, use `require` when you want to load external libraries or gems into your program, ensuring that they are loaded only once and searching the `$LOAD_PATH` for the file. Use `load` when you want to load Ruby files or non-Ruby files into your program, and you may need to load the same file multiple times or use a specific file path. Additionally, consider using `require_relative` when loading files relative to the current file''s directory.</div>','Answer',11,'2023-07-19 09:14:34.339963','2023-07-19 09:14:34.339963');
INSERT INTO action_text_rich_texts VALUES(21,'body','','Question',10,'2023-07-19 09:17:22.085041','2023-07-19 09:17:22.085041');
INSERT INTO action_text_rich_texts VALUES(22,'body','<div>In Ruby, both `load` and `require` are used to load and execute external Ruby files (also known as libraries or scripts) into your current Ruby program. However, there are some key differences between them:<br><br>1. **Usage:**<br>   - `require`: The `require` method is typically used to load external libraries or gems into your Ruby program. It ensures that a particular library is only loaded once, preventing duplicate loading of the same file.<br>   - `load`: The `load` method is used to load Ruby files into your program. It allows you to reload the same file multiple times if needed, even if the file has already been loaded before.<br><br>2. **Load Path:**<br>   - `require`: The `require` method searches for the specified file in the `$LOAD_PATH` (also accessible via `$:`), which is an array of directories where Ruby looks for required files.<br>   - `load`: The `load` method requires you to provide the full path to the file you want to load, or you can specify a relative path from the current working directory.<br><br>3. **File Extension:**<br>   - `require`: When using `require`, you can omit the file extension (e.g., `.rb`) if you''re requiring a Ruby file. If you want to require a non-Ruby file, you should include the extension.<br>   - `load`: When using `load`, you must include the file extension explicitly, regardless of whether it''s a Ruby file or any other file type.<br><br>4. **Return Value:**<br>   - `require`: The `require` method returns `true` if the file was successfully loaded and `false` if the file has already been loaded before.<br>   - `load`: The `load` method returns `true` if the file was successfully loaded and executed, or it returns `false` if there was an error during execution.<br><br>5. **Usage with Extensions:**<br>   - `require_relative`: The `require_relative` method is similar to `require`, but it loads a file relative to the current file''s directory, rather than searching the `$LOAD_PATH`.<br>   - `load` with a relative path: You can use `load` with a relative path to load a file relative to the current working directory. It does not rely on the `$LOAD_PATH`.<br><br>In summary, use `require` when you want to load external libraries or gems into your program, ensuring that they are loaded only once and searching the `$LOAD_PATH` for the file. Use `load` when you want to load Ruby files or non-Ruby files into your program, and you may need to load the same file multiple times or use a specific file path. Additionally, consider using `require_relative` when loading files relative to the current file''s directory.</div>','Question',11,'2023-07-19 09:18:39.186926','2023-07-19 09:18:39.186926');
INSERT INTO action_text_rich_texts VALUES(23,'body','','Question',12,'2023-07-19 09:22:51.691691','2023-07-19 09:22:51.691691');
INSERT INTO action_text_rich_texts VALUES(24,'body',replace('<div>Both `present?` and `empty?` are Ruby methods, but they are not part of the core Ruby language. Instead, they are methods provided by the Ruby on Rails framework.<br><br>1. **`present?`**:<br>   - `present?` is a method available in Ruby on Rails that is commonly used to check whether an object is not empty and not `nil`.<br>   - It is often used to determine if a value is available or valid in Rails applications, especially when dealing with user inputs or database records.<br>   - This method returns `true` if the object is not `nil` and not empty, and `false` otherwise.<br><br>   Example:<br><br></div><pre>   ```ruby\n   # In Ruby on Rails\n   value = "Hello"\n   puts value.present? # Output: true\n\n   value = ""\n   puts value.present? # Output: false\n\n   value = nil\n   puts value.present? # Output: false\n   ```</pre><div><br>2. **`.empty?`**:<br>   - `.empty?` is a built-in Ruby method that is available on some core Ruby classes like String, Array, and Hash.<br>   - It checks whether a collection-type object (e.g., String, Array, Hash) contains any elements. For Strings, it checks if the String has a length of zero. For Arrays and Hashes, it checks if they have no elements.<br>   - This method returns `true` if the collection is empty and `false` otherwise.<br><br>   Example:<br><br></div><pre>   ```ruby\n   # In Ruby\n   str = "Hello"\n   puts str.empty? # Output: false\n\n   arr = [1, 2, 3]\n   puts arr.empty? # Output: false\n\n   hash = {}\n   puts hash.empty? # Output: true\n   ```</pre><div><br>It''s important to note that `present?` is a Ruby on Rails method and is not available in plain Ruby. If you''re using Rails, you can use `present?` to check for non-empty and non-nil values, and use `.empty?` for built-in collections to check if they are empty. For other objects in plain Ruby, you can implement your own logic to determine if they are considered "present" or "empty" based on your application''s requirements.</div>','\n',char(10)),'Answer',12,'2023-07-19 09:23:23.596384','2023-07-19 09:23:23.596384');
INSERT INTO action_text_rich_texts VALUES(25,'body','','Question',13,'2023-07-19 09:25:24.064560','2023-07-19 09:25:24.064560');
INSERT INTO action_text_rich_texts VALUES(26,'body',replace('<div>In Ruby, the `tally` method is a convenient and efficient way to count the occurrences of elements in an enumerable object, such as an Array, Hash, or Range. It was introduced in Ruby 2.7, so make sure you''re using Ruby 2.7 or a later version to use this method.<br><br>The `tally` method is particularly useful when you need to count the occurrences of elements without writing explicit loops or using custom code. It returns a new Hash where the keys are the distinct elements from the original collection, and the corresponding values are the counts of each element in the collection.<br><br>Let''s look at some examples to understand how to use the `tally` method:<br><br>1. **Using `tally` with an Array:**</div><pre>   ```ruby\n   fruits = ["apple", "banana", "orange", "apple", "banana", "apple", "grape"]\n\n   result = fruits.tally\n   puts result\n   # Output: {"apple"=&gt;3, "banana"=&gt;2, "orange"=&gt;1, "grape"=&gt;1}\n   ```</pre><div><br>2. **Using `tally` with a Hash:**</div><pre>   ```ruby\n   votes = { "CandidateA" =&gt; 10, "CandidateB" =&gt; 15, "CandidateC" =&gt; 5, "CandidateB" =&gt; 8 }\n\n   result = votes.tally\n   puts result\n   # Output: {"CandidateA"=&gt;10, "CandidateB"=&gt;8, "CandidateC"=&gt;5}\n   ```</pre><div><br>   In the example above, the `tally` method counts the occurrences of each candidate in the `votes` Hash. Note that when there are duplicate keys in the Hash, only the last occurrence is considered.<br><br>3. **Using `tally` with a Range:**</div><pre>   ```ruby\n   numbers = (1..10)\n\n   result = numbers.tally\n   puts result\n   # Output: {1=&gt;1, 2=&gt;1, 3=&gt;1, 4=&gt;1, 5=&gt;1, 6=&gt;1, 7=&gt;1, 8=&gt;1, 9=&gt;1, 10=&gt;1}\n   ```</pre><div><br>   In this example, the `tally` method counts the occurrences of each number in the `numbers` Range.<br><br>The `tally` method simplifies the process of counting elements and improves code readability by avoiding explicit loops or complex logic. It''s a great addition to Ruby for tasks involving counting, frequency analysis, and more. Keep in mind that it''s available in Ruby 2.7 and later versions, so make sure your Ruby version supports it before using it in your code.</div>','\n',char(10)),'Answer',13,'2023-07-19 09:26:24.327378','2023-07-19 09:26:24.327378');
INSERT INTO action_text_rich_texts VALUES(27,'body','','Question',14,'2023-07-19 09:27:35.163971','2023-07-19 09:27:35.163971');
INSERT INTO action_text_rich_texts VALUES(28,'body',replace('<div>In Ruby, `nil` and `false` are both values that represent different states or conditions. Here''s a brief explanation of their differences:<br><br>1. **`nil`:**<br>   - `nil` is a special Ruby object that represents the absence of a value.<br>   - It is used to indicate that a variable, object, or expression does not have a meaningful value or has not been initialized.<br>   - When a method or operation does not return any meaningful result, it often returns `nil`.<br>   - `nil` is considered to be "falsey" in Ruby, meaning it evaluates to false in a boolean context (e.g., in an `if` condition or a loop''s termination condition).<br>   - It is used to represent "nothing" or "empty" in certain cases, such as when a value is missing from a data structure.<br><br>   Example:</div><pre>   ```ruby\n   x = nil\n   puts x.nil?  # Output: true\n\n   y = [1, 2, 3]\n   result = y.find { |num| num &gt; 5 }\n   puts result.nil?  # Output: true (no element in the array is greater than 5)\n   ```</pre><div><br>2. **`false`:**<br>   - `false` is a boolean value that represents the concept of "not true" or "false."<br>   - It is used to indicate the result of a condition that evaluates to false.<br>   - Unlike `nil`, `false` is a meaningful value and is often explicitly returned when a method or operation is designed to return a boolean result.<br>   - `false` is considered to be "false" in boolean context, meaning it evaluates to false in an `if` condition or a loop''s termination condition.<br><br>   Example:</div><pre>   ```ruby\n   condition = false\n   if condition\n     puts "This will not be executed."\n   else\n     puts "This will be executed."\n   end\n   # Output: "This will be executed."\n   ```</pre><div><br>In summary, `nil` represents the absence of a value, while `false` represents a value that is explicitly "not true." Both are used in different contexts to convey different meanings. It''s essential to be mindful of their differences when working with conditionals, return values, or data structures that may include these values.</div>','\n',char(10)),'Answer',14,'2023-07-19 09:27:53.849472','2023-07-19 09:27:53.849472');
INSERT INTO action_text_rich_texts VALUES(29,'body','','Question',15,'2023-07-19 09:28:19.782611','2023-07-19 09:28:19.782611');
INSERT INTO action_text_rich_texts VALUES(30,'body',replace('<div>In Ruby, there are three levels of access control for methods: public, protected, and private. These access control levels determine how methods can be accessed and called from different parts of the program. Here''s an overview of each level:<br><br>1. **Public**: Public methods can be accessed from anywhere in the program, both within and outside of the class. They are the default access level in Ruby, so if no access control keyword is specified, the method is considered public. Public methods are typically used for the interface of a class, allowing other objects to interact with it. Example:<br><br></div><pre>```ruby\nclass MyClass\n  def public_method\n    # Method code\n  end\nend\n```</pre><div><br>2. **Protected**: Protected methods can only be called within the same class or by any subclass. They cannot be called from outside the class hierarchy. Protected methods are often used to define shared behavior among related objects or to enforce encapsulation within a class hierarchy. Example:<br><br></div><pre>```ruby\nclass MyClass\n  protected\n  \n  def protected_method\n    # Method code\n  end\nend\n```</pre><div><br>3. **Private**: Private methods can only be called within the same class and cannot be accessed from outside the class. They cannot be called by any subclass either. Private methods are typically used for internal implementation details that are not meant to be exposed to other objects. Example:<br><br></div><pre>```ruby\nclass MyClass\n  private\n  \n  def private_method\n    # Method code\n  end\nend\n```</pre><div><br>It''s important to note that access control in Ruby is not strictly enforced and can be bypassed using techniques like `send` or `public_send`. However, following the recommended conventions helps in maintaining encapsulation and ensuring the intended usage of methods.</div>','\n',char(10)),'Answer',15,'2023-07-19 09:28:49.855595','2023-07-19 09:28:49.855595');
INSERT INTO action_text_rich_texts VALUES(31,'body','','Question',16,'2023-07-19 09:29:38.651140','2023-07-19 09:29:38.651140');
INSERT INTO action_text_rich_texts VALUES(32,'body','<div>A class library in Ruby is a collection of classes that are designed to be used together. Class libraries can be found in the Ruby standard library, as well as in third-party gems.<br>The Ruby standard library includes a number of class libraries for common tasks, such as:<br><br>File handling: The File class provides methods for reading, writing, and manipulating files.<br>String manipulation: The String class provides methods for working with strings, such as searching, replacing, and formatting.<br>Numeric operations: The Numeric class provides methods for performing mathematical operations on numbers.<br>Regular expressions: The Regexp class provides methods for matching and extracting text patterns.<br>In addition to the Ruby standard library, there are a number of third-party gems that provide class libraries for specific tasks, such as:<br><br>Active Record: A database abstraction layer that makes it easy to interact with relational databases.<br>RSpec: A behavior-driven development (BDD) testing framework.<br>Sinatra: A microframework for creating web applications.<br>Rails: A full-stack web framework.</div>','Answer',16,'2023-07-19 09:29:56.336576','2023-07-19 09:29:56.336576');
INSERT INTO action_text_rich_texts VALUES(33,'body','','Question',17,'2023-07-19 09:30:09.053516','2023-07-19 09:30:09.053516');
INSERT INTO action_text_rich_texts VALUES(34,'body','<div>A naming convention is a set of rules for naming variables, classes, methods, and other code elements. Naming conventions are used to make code more readable and maintainable.<br><br>Here are some common naming conventions for Ruby:<br><br>Variables: Variables should be named in lowercase with underscores separating words. For example, my_variable.<br>Classes: Classes should be named in CamelCase. For example, MyClass.<br>Methods: Methods should be named in lowercase with underscores separating words. For example, my_method.<br>Constants: Constants should be named in ALL_CAPS with underscores separating words. For example, MY_CONSTANT.<br>Modules: Modules should be named in CamelCase. For example, MyModule.<br><br></div>','Answer',17,'2023-07-19 09:30:21.313142','2023-07-19 09:30:21.313142');
INSERT INTO action_text_rich_texts VALUES(35,'body','','Question',18,'2023-07-19 09:32:52.815185','2023-07-19 09:32:52.815185');
INSERT INTO action_text_rich_texts VALUES(36,'body','<div>Classes are used to create objects. Objects are instances of a class, and they have all of the properties and methods that are defined in the class. For example, the String class defines methods for working with strings, such as length, upcase, and split. When you create a new string object, it will have all of these methods.<br><br>Modules are used to group together related constants, methods, and classes. Modules cannot be instantiated like classes, but they can be included in other classes to add their functionality. For example, the Math module defines a number of constants and methods for performing mathematical operations. You can include the Math module in your class to give your objects access to these methods.<br><br>class Person<br>  def initialize(name)<br>    @name = name<br>  end<br><br>  def say_hello<br>     puts "Hello, my name is #{@name}"<br>  end<br>end<br><br>module TimeOfDay<br>  HOURS = 24<br>  MINUTES = 60<br>  SECONDS = 60<br>end<br><br>person = Person.new("John Doe")<br>person.say_hello<br><br>puts TimeOfDay::HOURS<br>puts TimeOfDay::MINUTES<br>puts TimeOfDay::SECONDS</div>','Answer',18,'2023-07-19 09:33:07.948097','2023-07-19 09:33:07.948097');
INSERT INTO action_text_rich_texts VALUES(37,'body','','Question',19,'2023-07-19 12:42:45.814360','2023-07-19 12:42:45.814360');
INSERT INTO action_text_rich_texts VALUES(38,'body','<div>begin<br>  # Code that may raise an exception<br>  # ...<br>rescue SpecificExceptionClass<br>  # Exception handling for SpecificExceptionClass<br>  # ...<br>rescue AnotherExceptionClass, YetAnotherExceptionClass<br>  # Exception handling for AnotherExceptionClass and YetAnotherExceptionClass<br>  # ...<br>else<br>  # Optional. Executed if no exceptions were raised<br>  # ...<br>ensure<br>  # Optional. Cleanup or finalization operations<br>  # ...<br>end</div>','Answer',19,'2023-07-19 12:43:03.362908','2023-07-19 12:43:03.362908');
INSERT INTO action_text_rich_texts VALUES(39,'body','','Question',20,'2023-07-19 12:55:44.732737','2023-07-19 12:55:44.732737');
INSERT INTO action_text_rich_texts VALUES(40,'body','<div>freezing a string means making it immutable. This means that the string cannot be changed after it has been frozen.<br><br>string = "This is a string"<br>string.freeze<br><br># string cannot be changed anymore<br>string[0] = "A"</div>','Answer',20,'2023-07-19 12:56:03.798313','2023-07-19 12:56:03.798313');
INSERT INTO action_text_rich_texts VALUES(41,'body','','Question',21,'2023-07-19 12:56:36.722770','2023-07-19 12:56:36.722770');
INSERT INTO action_text_rich_texts VALUES(42,'body','<div>The main difference between blocks and procs is that blocks are not objects. Blocks are just syntactic structures that are used to pass code to methods. Procs, on the other hand, are objects that can be stored in variables and called like methods.<br><br>def multiply_by_two(numbers)<br>  numbers.each do |number|<br>    puts number * 2<br>  end<br>end<br><br>multiply_by_two([1, 2, 3, 4, 5])<br><br>doubler = proc { |number| number * 2 }<br>puts doubler.call(10)</div>','Answer',21,'2023-07-19 12:56:46.677041','2023-07-19 12:56:46.677041');
INSERT INTO action_text_rich_texts VALUES(43,'body','','Question',22,'2023-07-19 12:57:34.479742','2023-07-19 12:57:34.479742');
INSERT INTO action_text_rich_texts VALUES(44,'body','<div>my_proc = proc { |x, y| x + y }<br> =&gt; #&lt;Proc:0x00005606f890a628 (irb):32&gt; <br><br>my_lambda = -&gt;(x, y) { x + y }<br> =&gt; #&lt;Proc:0x00005606f8a2d4b0 (irb):33 (lambda)&gt;<br><br>proc_result = my_proc.call(1)<br>(irb):32:in `+'': nil can''t be coerced into Integer (TypeError)<br> from (irb):32:in `block in &lt;top (required)&gt;''<br> from (irb):34:in `&lt;main&gt;''<br><br> lambda_result = my_lambda.call(1)<br>(irb):33:in `block in &lt;top (required)&gt;'': wrong number of arguments (given 1, expected 2) (ArgumentError)<br> from (irb):35:in `&lt;main&gt;''<br><br> A proc will happily execute a call with the wrong number of arguments. A lambda, on the other hand, will require all arguments to be present. If you pass a lambda the wrong number of arguments, it will raise an error.</div>','Answer',22,'2023-07-19 12:58:12.469740','2023-07-19 12:58:12.469740');
INSERT INTO action_text_rich_texts VALUES(45,'body','','Question',23,'2023-07-19 12:58:45.932758','2023-07-19 12:58:45.932758');
INSERT INTO action_text_rich_texts VALUES(46,'body','<div>Migrations in Rails are used to track changes to the database schema. This allows you to make changes to your database schema without having to write SQL scripts. Migrations are also reversible, so you can roll back changes if necessary.<br>To add new tables or columns to your database.<br>To change the data type of a column.<br>To drop tables or columns from your database.<br>To rename tables or columns.<br>To move data from one table to another.<br>To fix errors in your database schema.</div>','Answer',23,'2023-07-19 12:58:48.690349','2023-07-19 12:58:48.690349');
INSERT INTO action_text_rich_texts VALUES(47,'body','','Question',24,'2023-07-19 12:59:07.807062','2023-07-19 12:59:07.807062');
INSERT INTO action_text_rich_texts VALUES(48,'body','<div>Generators can be a great way to save time when you are developing a Rails application. They can also help you to ensure that your code is consistent with the rest of your application.<br><br>Here are some of the most common generators in Ruby on Rails:<br><br>generate model: Creates a new model file and migration file.<br>generate controller: Creates a new controller file and views directory.<br>generate scaffold: Creates a new model, controller, views, and test files.<br>generate migration: Creates a new migration file.<br>generate initializer: Creates a new initializer file.<br>generate gem: Creates a new gem file.<br><br></div>','Answer',24,'2023-07-19 12:59:15.281401','2023-07-19 12:59:15.281401');
INSERT INTO action_text_rich_texts VALUES(49,'body','','Question',25,'2023-07-19 12:59:30.322671','2023-07-19 12:59:30.322671');
INSERT INTO action_text_rich_texts VALUES(50,'body','<div><br><br>Ruby on Rails (RoR) is a web application framework written in Ruby. It is a model–view–controller (MVC) framework, which means that it separates the application logic into three components:<br><br>Models represent the data in the application. They interact with the database and store and retrieve data.<br>Views are responsible for displaying the data to the user. They are typically written in HTML, CSS, and JavaScript.<br>Controllers are responsible for handling user requests. They receive requests from the user, interact with the models, and then render the appropriate views.<br>The MVC pattern helps to keep applications organized and maintainable. It also makes it easier to test and debug applications.<br><br>Here is an example of how the MVC pattern works in Ruby on Rails:<br><br>When a user visits a web page, their browser sends a request to the Rails application server.<br>The Rails application server routes the request to the appropriate controller.<br>The controller interacts with the model to retrieve the data that the user requested.<br>The controller then renders the appropriate view, which is sent back to the user''s browser.<br>The user sees the view in their browser.</div>','Answer',25,'2023-07-19 12:59:39.918283','2023-07-19 12:59:39.918283');
INSERT INTO action_text_rich_texts VALUES(51,'body','','Question',26,'2023-07-19 12:59:53.071459','2023-07-19 12:59:53.071459');
INSERT INTO action_text_rich_texts VALUES(52,'body','<div>Classes are used to create objects, while modules are used to group related constants and methods.<br>Classes can have instances, while modules cannot.<br>Classes can inherit from other classes, while modules cannot inherit from other modules.<br>Classes can be used to create mixins, which are modules that can be included in other classes to add new functionality<br>class Person<br>  def initialize(name)<br>    @name = name<br>  end<br><br>  def say_hello<br>    puts "Hello, my name is #{@name}"<br>  end<br>end<br><br>person = Person.new("Bard")<br>person.say_hello.<br><br>module Logging<br>  def log(message)<br>    puts "Logging: #{message}"<br>  end<br>end<br><br>class Person<br>  include Logging<br><br>  def initialize(name)<br>    @name = name<br>  end<br><br>  def say_hello<br>    log("Saying hello to #{name}")<br>    puts "Hello, my name is #{@name}"<br>  end<br>end</div>','Answer',26,'2023-07-19 13:00:04.840051','2023-07-19 13:00:04.840051');
INSERT INTO action_text_rich_texts VALUES(53,'body','','Question',27,'2023-07-19 13:00:22.604937','2023-07-19 13:00:22.604937');
INSERT INTO action_text_rich_texts VALUES(54,'body','<div>You can also use the rake db:migrate:status command to see a list of all the migrations that have been run and the migrations that are pending.<br>rake db:migrate:status</div>','Answer',27,'2023-07-19 13:00:35.896060','2023-07-19 13:00:35.896060');
INSERT INTO action_text_rich_texts VALUES(55,'body','','Question',28,'2023-07-19 13:00:57.749242','2023-07-19 13:00:57.749242');
INSERT INTO action_text_rich_texts VALUES(56,'body','<div>To generate a CSRF token in Ruby on Rails, you can use the csrf_token helper method. This method will return the current CSRF token for the user''s session. You can then include the CSRF token in your forms using the &lt;input type="hidden" name="authenticity_token" value="&lt;%= csrf_token %&gt;"&gt; tag.<br>def create<br>  @user = User.new(params[:user])<br><br>  # Generate a CSRF token<br>  csrf_token = csrf_token<br><br>  # Include the CSRF token in the form<br>  form_tag("/users", method: "post") do<br>    input(type: "hidden", name: "authenticity_token", value: csrf_token)<br>    ...<br>  end<br>end</div>','Answer',28,'2023-07-19 13:01:08.414515','2023-07-19 13:01:08.414515');
INSERT INTO action_text_rich_texts VALUES(57,'body','','Question',29,'2023-07-19 13:01:20.159818','2023-07-19 13:01:20.159818');
INSERT INTO action_text_rich_texts VALUES(58,'body','<div>In Ruby, variables have different scopes that determine their visibility and accessibility within a particular context. Here''s an explanation of the scope of local, instance, class, and global variables:<br><br>1. Local Variables:<br>   - Local variables are limited in scope to the block or method where they are defined.<br>   - They are prefixed with a lowercase letter or an underscore (_) character.<br>   - Local variables cannot be accessed outside the scope in which they are defined.<br>   - Local variables are typically used to store temporary or intermediate values within a method or block.<br>   - Example:<br>     ```ruby<br>     def my_method<br>       local_variable = 10<br>       puts local_variable<br>     end<br>     <br>     my_method  # Output: 10<br>     puts local_variable  # Error: undefined local variable or method `local_variable''<br>     ```<br><br>2. Instance Variables:<br>   - Instance variables are associated with an instance of a class and are accessible across different methods within that instance.<br>   - They are prefixed with the at (@) symbol followed by a name.<br>   - Instance variables are accessible within the instance''s scope, including all instance methods of the class.<br>   - Each instance of a class has its own copy of instance variables.<br>   - Example:<br>     ```ruby<br>     class MyClass<br>       def initialize<br>         @instance_variable = 20<br>       end<br>     <br>       def my_method<br>         puts @instance_variable<br>       end<br>     end<br>     <br>     obj = MyClass.new<br>     obj.my_method  # Output: 20<br>     ```<br><br>3. Class Variables:<br>   - Class variables are associated with a class and are shared among all instances of that class, as well as within the class itself.<br>   - They are prefixed with two at (@@) symbols followed by a name.<br>   - Class variables are accessible within the class and its subclasses.<br>   - Modifying the value of a class variable in one instance affects all instances of the class.<br>   - Example:<br>     ```ruby<br>     class MyClass<br>       @@class_variable = 30<br>     <br>       def self.my_method<br>         puts @@class_variable<br>       end<br>     end<br>     <br>     obj1 = MyClass.new<br>     obj2 = MyClass.new<br>     <br>     obj1.class.my_method  # Output: 30<br>     obj2.class.my_method  # Output: 30<br>     ```<br><br>4. Global Variables:<br>   - Global variables have a global scope and can be accessed from anywhere within the Ruby program.<br>   - They are prefixed with a dollar ($) symbol followed by a name.<br>   - Global variables should be used sparingly as they can introduce potential issues with code readability and maintainability.<br>   - Example:<br>     ```ruby<br>     $global_variable = 40<br>     <br>     def my_method<br>       puts $global_variable<br>     end<br>     <br>     my_method  # Output: 40<br>     ```<br><br>It''s important to note that proper usage and scoping of variables are essential for writing maintainable and understandable code. It''s generally recommended to minimize the use of global variables and favor local variables when possible. Instance variables are commonly used for maintaining state within objects, while class variables are useful for sharing data among instances of a class.</div>','Answer',29,'2023-07-19 13:01:32.594025','2023-07-19 13:01:32.594025');
INSERT INTO action_text_rich_texts VALUES(59,'body','','Question',30,'2023-07-19 13:01:53.771171','2023-07-19 13:01:53.771171');
INSERT INTO action_text_rich_texts VALUES(60,'body','<div>Polymorphic association is a concept in database design and object-oriented programming that allows a model or database table to be associated with multiple other models or tables, without the need for separate association tables or foreign keys for each association. It enables a single association to be used by multiple other models, providing flexibility and reusability in the database schema.<br><br>In the context of Ruby on Rails, polymorphic associations are commonly used to establish associations between a model and multiple other models, where the associated models may vary. This is achieved by using two columns in the database table: one to store the associated model''s ID and another to store the associated model''s type. The ID column holds the identifier of the associated record, and the type column holds the name of the associated model''s class.<br><br>Here''s an example to illustrate polymorphic associations. Let''s say we have a `Comment` model that can be associated with either a `Post` or an `Image`:<br><br>```ruby<br>class Comment &lt; ApplicationRecord<br>  belongs_to :commentable, polymorphic: true<br>end<br><br>class Post &lt; ApplicationRecord<br>  has_many :comments, as: :commentable<br>end<br><br>class Image &lt; ApplicationRecord<br>  has_many :comments, as: :commentable<br>end<br>```<br><br>In this example, the `Comment` model uses a polymorphic association called `commentable`. The `belongs_to` association in `Comment` uses `polymorphic: true` to indicate that it is a polymorphic association. The `has_many` associations in `Post` and `Image` specify `as: :commentable` to establish the reverse association.<br><br>With this setup, we can create comments and associate them with either a post or an image:<br><br>```ruby<br>post = Post.create(title: ''My Post'')<br>image = Image.create(url: ''example.com/image.jpg'')<br><br>post.comments.create(content: ''Great post!'')<br>image.comments.create(content: ''Nice image!'')<br><br>comment = Comment.last<br>comment.commentable #=&gt; Returns either the associated post or image object<br>```<br><br>By using polymorphic associations, we avoid the need for separate association tables or foreign keys for each type of association. It allows us to reuse the `Comment` model and its associations with different models, promoting code reusability and flexibility in the database schema.</div>','Answer',30,'2023-07-19 13:01:59.248253','2023-07-19 13:01:59.248253');
INSERT INTO action_text_rich_texts VALUES(61,'body','','Question',31,'2023-07-19 13:02:20.169070','2023-07-19 13:02:20.169070');
INSERT INTO action_text_rich_texts VALUES(62,'body','<div>In Ruby, both `extend` and `include` are used to add functionality or methods to a class, but they have different effects and serve different purposes.<br><br>1. **include**: The `include` keyword is used to mix in a module''s methods as instance methods of a class. When a module is included in a class, its methods become accessible to instances of that class. This means that the included module''s methods can be called on instances of the class, but not on the class itself.<br><br>Example:<br>```ruby<br>module MyModule<br>  def foo<br>    puts "This is a foo method"<br>  end<br>end<br><br>class MyClass<br>  include MyModule<br>end<br><br>obj = MyClass.new<br>obj.foo #=&gt; "This is a foo method"<br>```<br><br>In the above example, the `include` keyword is used to include the `MyModule` module in the `MyClass` class. This allows instances of `MyClass`, such as `obj`, to access and call the `foo` method defined in `MyModule`.<br><br>2. **extend**: The `extend` keyword is used to add a module''s methods as class methods of a class. When a module is extended by a class, its methods become accessible as class methods of that class. This means that the extended module''s methods can be called on the class itself, but not on instances of the class.<br><br>Example:<br>```ruby<br>module MyModule<br>  def bar<br>    puts "This is a bar method"<br>  end<br>end<br><br>class MyClass<br>  extend MyModule<br>end<br><br>MyClass.bar #=&gt; "This is a bar method"<br>```<br><br>In the above example, the `extend` keyword is used to extend the `MyModule` module by the `MyClass` class. This allows the `bar` method defined in `MyModule` to be called on the class `MyClass` itself.<br><br>To summarize, `include` is used to add module methods as instance methods, making them accessible to instances of a class, while `extend` is used to add module methods as class methods, making them accessible directly on the class itself.</div>','Answer',31,'2023-07-19 13:02:28.312551','2023-07-19 13:02:28.312551');
INSERT INTO action_text_rich_texts VALUES(63,'body','','Question',32,'2023-07-19 13:02:43.148730','2023-07-19 13:02:43.148730');
INSERT INTO action_text_rich_texts VALUES(64,'body','<div>Improving project performance is a broad topic, and the specific techniques to enhance performance can vary depending on the project, its architecture, and the technologies involved. However, here are some general strategies that can help improve project performance:<br><br>1. **Optimize database queries**: Identify and optimize slow-performing database queries by using proper indexing, reducing the number of queries, and utilizing database-specific optimizations like eager loading, query caching, or database denormalization techniques.<br><br>2. **Cache frequently accessed data**: Utilize caching mechanisms such as in-memory caches (e.g., Redis) or caching frameworks (e.g., Memcached) to store and retrieve frequently accessed data, reducing the need to perform expensive computations or database queries repeatedly.<br><br>3. **Optimize code execution**: Analyze and optimize critical sections of code that are performance bottlenecks. This may involve optimizing algorithms, reducing unnecessary computations, using more efficient data structures, or refactoring code to improve readability and maintainability.<br><br>4. **Leverage browser caching and CDN**: Utilize browser caching techniques and Content Delivery Networks (CDNs) to cache static assets like images, CSS, and JavaScript files on the client-side. This reduces the load on the server and improves the overall performance for subsequent page loads.<br><br>5. **Minify and compress assets**: Minify CSS and JavaScript files to reduce their size by removing unnecessary characters and whitespace. Additionally, compressing assets using gzip or other compression algorithms can significantly reduce the amount of data transferred over the network, improving page load times.<br><br>6. **Optimize network requests**: Optimize network requests by reducing the number of requests, using HTTP/2 or HTTP/3 protocols, leveraging browser parallelism, and implementing techniques like asset bundling or resource concatenation.<br><br>7. **Implement asynchronous processing**: Utilize asynchronous processing techniques, such as background jobs, message queues, or event-driven architectures, to offload time-consuming tasks from the main request/response cycle, thereby improving responsiveness and overall system performance.<br><br>8. **Use appropriate hardware and infrastructure**: Ensure that the hardware and infrastructure hosting the project are appropriately scaled and optimized for the expected workload. This includes proper server configuration, load balancing, scaling horizontally or vertically, and leveraging cloud services or containers as needed.<br><br>9. **Perform performance testing and monitoring**: Regularly conduct performance testing to identify bottlenecks, measure the impact of optimizations, and ensure that the project meets performance requirements. Additionally, implement monitoring tools and techniques to track performance metrics, identify performance degradation, and proactively address issues.<br><br>It''s important to note that performance optimization should be done based on profiling, benchmarking, and identifying the actual bottlenecks in your specific project. Applying performance improvements blindly without measuring their impact can lead to unintended consequences or wasted efforts.</div>','Answer',32,'2023-07-19 13:02:51.693904','2023-07-19 13:02:51.693904');
INSERT INTO action_text_rich_texts VALUES(65,'body','','Question',33,'2023-07-19 13:03:03.885124','2023-07-19 13:03:03.885124');
INSERT INTO action_text_rich_texts VALUES(66,'body','<div>In RSpec, there are different types of cases that can be used to structure and organize your tests. Here are some commonly used case types in RSpec:<br><br>1. **Describe**: The `describe` block is used to group related examples and provides a descriptive context for the tests. It is typically used to define the behavior of a specific class, method, or functionality. For example:<br><br>```ruby<br>describe MyClass do<br>  # Examples and nested describe blocks go here<br>end<br>```<br><br>2. **Context**: The `context` block is similar to `describe` and is used to provide additional context or conditions under which the examples will be tested. It helps in organizing the examples further. For example:<br><br>```ruby<br>describe MyClass do<br>  context "when initialized with valid parameters" do<br>    # Examples for valid parameters<br>  end<br><br>  context "when initialized with invalid parameters" do<br>    # Examples for invalid parameters<br>  end<br>end<br>```<br><br>3. **It**: The `it` block is used to define individual examples or tests. Each `it` block should contain a single expectation or assertion that verifies a specific behavior. For example:<br><br>```ruby<br>describe MyClass do<br>  it "returns the sum of two numbers" do<br>    # Test code and assertions go here<br>  end<br><br>  it "raises an error for invalid input" do<br>    # Test code and assertions go here<br>  end<br>end<br>```<br><br>4. **Before and After Hooks**: RSpec provides `before` and `after` hooks that allow you to run setup and teardown code before and after each example or a group of examples. This can be useful for setting up test data, stubbing dependencies, or cleaning up resources. For example:<br><br>```ruby<br>describe MyClass do<br>  before do<br>    # Setup code<br>  end<br><br>  after do<br>    # Teardown code<br>  end<br><br>  it "performs some action" do<br>    # Test code and assertions go here<br>  end<br>end<br>```<br><br>These are some of the common case types used in RSpec to structure your tests. By using them effectively, you can organize your test suite and make it more readable and maintainable.</div>','Answer',33,'2023-07-19 13:03:13.763365','2023-07-19 13:03:13.763365');
INSERT INTO action_text_rich_texts VALUES(67,'body','','Question',34,'2023-07-19 13:03:35.968107','2023-07-19 13:03:35.968107');
INSERT INTO action_text_rich_texts VALUES(68,'body','<div>Microservices is an architectural style or approach for designing and building software applications as a collection of small, independent, and loosely coupled services. Each service in a microservices architecture is responsible for a specific business capability and operates as a separate, autonomous component.<br><br>The key characteristics of microservices architecture include:<br><br>1. **Service Independence**: Microservices are self-contained and independent entities that can be developed, deployed, and scaled independently. Each service has its own codebase, database, and may use different technologies or programming languages.<br><br>2. **Decentralized Governance**: Each microservice is developed and managed by a small, cross-functional team. There is no central authority or monolithic control over all the services.<br><br>3. **Communication via APIs**: Services communicate with each other through well-defined APIs, typically over lightweight protocols such as HTTP/REST or messaging protocols. This allows services to interact and exchange data.<br><br>4. **Scalability and Resilience**: Microservices architecture enables horizontal scaling, where individual services can be scaled independently based on their specific needs. It also promotes resilience, as failures in one service do not necessarily impact the entire system.<br><br>5. **Domain-Driven Design**: Services in a microservices architecture are organized around specific business capabilities or bounded contexts. Each service is designed to encapsulate a specific domain or functionality.<br><br>6. **Distributed Data Management**: Microservices often have their own dedicated data stores, allowing them to manage their data independently. Data consistency and synchronization are typically handled through communication between services.<br><br>7. **Continuous Deployment**: Microservices architecture is well-suited for continuous integration and deployment practices. Services can be developed, tested, and deployed independently, enabling rapid iterations and updates.<br><br>The advantages of microservices architecture include:<br><br>- **Flexibility and Agility**: Microservices enable teams to work independently on different services, allowing for faster development cycles, easier scaling, and the ability to adopt new technologies or frameworks.<br><br>- **Improved Maintainability**: Services can be updated, maintained, and tested independently without impacting the entire system. This promotes modularity and ease of maintenance.<br><br>- **Scalability and Performance**: Microservices allow for individual services to be scaled independently based on their specific needs, optimizing resource utilization and improving performance.<br><br>- **Resilience and Fault Isolation**: Failures in one service do not propagate to other services, increasing overall system resilience and fault tolerance.<br><br>However, microservices architecture also introduces challenges such as increased complexity in inter-service communication, data consistency, deployment, and monitoring. Proper design, governance, and management are crucial to effectively adopt and operate a microservices architecture.<br><br>Overall, microservices architecture provides a scalable, modular, and flexible approach to building complex software systems by breaking them down into smaller, manageable services that can be developed and deployed independently.</div>','Answer',34,'2023-07-19 13:03:40.205081','2023-07-19 13:03:40.205081');
INSERT INTO action_text_rich_texts VALUES(69,'body','','Question',35,'2023-07-19 13:03:57.009043','2023-07-19 13:03:57.009043');
INSERT INTO action_text_rich_texts VALUES(70,'body','<div><br><br>Sure. In Ruby on Rails, a concern is a module that can be included in multiple classes to add new functionality. Concerns are often used to encapsulate reusable code, such as validations, callbacks, or scopes.<br><br>For example, you could create a concern called Commentable that includes methods for creating, updating, and deleting comments. You could then include the Commentable concern in any class that needs to be able to handle comments, such as Post and Article.<br><br>Here is an example of how to define a concern:<br><br>Ruby<br>module Commentable<br>  def create_comment(comment_params)<br>    comment = Comment.new(comment_params)<br>    comment.save!<br>  end<br><br>  def update_comment(comment_params)<br>    comment = Comment.find(comment_params[:id])<br>    comment.update(comment_params)<br>    comment.save!<br>  end<br><br>  def delete_comment(comment_id)<br>    comment = Comment.find(comment_id)<br>    comment.destroy!<br>  end<br>end<br>Use code with caution. Learn more<br>This concern defines three methods: create_comment, update_comment, and delete_comment. These methods can be used to create, update, and delete comments.<br><br>To include a concern in a class, you use the include keyword. For example, the following code includes the Commentable concern in the Post class:<br><br>Ruby<br>class Post &lt; ApplicationRecord<br>  include Commentable<br>end<br>Use code with caution. Learn more<br>This code tells Rails that the Post class can use the methods defined in the Commentable concern.<br><br>Once a concern has been included in a class, you can use the methods defined in the concern as if they were defined in the class itself. For example, the following code creates a comment for a post:<br><br>Ruby<br>post = Post.create(title: "My First Post")<br>post.create_comment(body: "This is a great post!")<br>Use code with caution. Learn more<br>This code calls the create_comment method, which is defined in the Commentable concern. The create_comment method creates a new comment and saves it to the database.<br><br>Concerns are a powerful tool that can be used to encapsulate reusable code and to make your code more organized. They are a good choice for code that is used in multiple classes, or for code that is not specific to any particular class.<br><br>A service object, on the other hand, is a standalone object that is responsible for a specific task. Service objects are often used to encapsulate complex logic or to perform tasks that are not related to any particular model.<br><br>For example, you could create a service object called CommentService that is responsible for creating, updating, and deleting comments. The CommentService object would be responsible for interacting with the database, validating comments, and sending notifications.<br><br>Here is an example of how to define a service object:<br><br>Ruby<br>class CommentService<br>  def create_comment(comment_params)<br>    comment = Comment.new(comment_params)<br>    comment.save!<br>    send_comment_created_notification(comment)<br>  end<br><br>  def update_comment(comment_params)<br>    comment = Comment.find(comment_params[:id])<br>    comment.update(comment_params)<br>    comment.save!<br>    send_comment_updated_notification(comment)<br>  end<br><br>  def delete_comment(comment_id)<br>    comment = Comment.find(comment_id)<br>    comment.destroy!<br>    send_comment_deleted_notification(comment)<br>  end<br><br>  private<br><br>  def send_comment_created_notification(comment)<br>    NotificationService.new.send_comment_created_notification(comment)<br>  end<br><br>  def send_comment_updated_notification(comment)<br>    NotificationService.new.send_comment_updated_notification(comment)<br>  end<br><br>  def send_comment_deleted_notification(comment)<br>    NotificationService.new.send_comment_deleted_notification(comment)<br>  end<br>end<br>Use code with caution. Learn more<br>This service object defines four methods: create_comment, update_comment, delete_comment, and send_comment_deleted_notification. These methods are responsible for creating, updating, deleting comments, and sending notifications.<br><br>The send_comment_created_notification method, send_comment_updated_notification, and send_comment_deleted_notification methods are all responsible for sending notifications. These methods are delegated to a NotificationService object, which is responsible for sending notifications.<br><br></div>','Answer',35,'2023-07-19 13:04:07.948052','2023-07-19 13:04:07.948052');
INSERT INTO action_text_rich_texts VALUES(71,'body','','Question',36,'2023-07-19 13:04:24.511123','2023-07-19 13:04:24.511123');
INSERT INTO action_text_rich_texts VALUES(72,'body','<div>Certainly! Let''s explore examples of how to use Delayed Job and Sidekiq in a Ruby on Rails application.<br><br>**Example with Delayed Job:**<br><br>1. Add the Delayed Job gem to your Rails application''s Gemfile:<br>```ruby<br>gem ''delayed_job_active_record''<br>```<br><br>2. Install the Delayed Job migration and set up the database:<br>```bash<br>rails generate delayed_job:active_record<br>rails db:migrate<br>```<br><br>3. Create a job class that inherits from `Delayed::Job`:<br>```ruby<br># app/jobs/example_job.rb<br>class ExampleJob &lt; ApplicationJob<br>  def perform<br>    # Perform the task here<br>    puts "Hello from Delayed Job!"<br>  end<br>end<br>```<br><br>4. Enqueue the job for later execution:<br>```ruby<br>ExampleJob.delay.perform_later<br>```<br><br>5. Start the Delayed Job worker to process the jobs:<br>```bash<br>bin/delayed_job start<br>```<br><br>**Example with Sidekiq:**<br><br>1. Add the Sidekiq gem to your Rails application''s Gemfile:<br>```ruby<br>gem ''sidekiq''<br>```<br><br>2. Define a worker class:<br>```ruby<br># app/workers/example_worker.rb<br>class ExampleWorker<br>  include Sidekiq::Worker<br><br>  def perform<br>    # Perform the task here<br>    puts "Hello from Sidekiq!"<br>  end<br>end<br>```<br><br>3. Start the Sidekiq worker process:<br>```bash<br>bundle exec sidekiq<br>```<br><br>4. Enqueue the job for later execution:<br>```ruby<br>ExampleWorker.perform_async<br>```<br><br>In both examples, the job/task defined within the job class will be executed asynchronously in the background by either Delayed Job or Sidekiq.<br><br>It''s important to note that both Delayed Job and Sidekiq offer additional features and configuration options beyond these basic examples. These include retrying failed jobs, setting job priorities, scheduling jobs for future execution, and more. Please refer to the official documentation of Delayed Job and Sidekiq for more advanced usage and configuration details.<br><br>Remember to configure the appropriate backends (such as a database for Delayed Job or Redis for Sidekiq) in your Rails application for the chosen job processing library to function correctly.</div>','Answer',36,'2023-07-19 13:04:33.728084','2023-07-19 13:04:33.728084');
INSERT INTO action_text_rich_texts VALUES(73,'body','','Question',37,'2023-07-19 13:04:48.352091','2023-07-19 13:04:48.352091');
INSERT INTO action_text_rich_texts VALUES(74,'body','<div>To configure Capistrano with Nginx for deploying a Ruby on Rails application, you''ll need to perform the following steps:<br><br>1. **Install Nginx on the server**: Begin by installing Nginx on your server. The exact process may vary depending on your server''s operating system. For example, on Ubuntu, you can use the following command:<br>```bash<br>sudo apt-get install nginx<br>```<br><br>2. **Configure Nginx**: Create an Nginx configuration file for your application. Typically, these files are stored in the `/etc/nginx/sites-available` directory. For example, create a file named `your_app_name` with the following content:<br>```bash<br>sudo nano /etc/nginx/sites-available/your_app_name<br>```<br><br>Here''s a sample Nginx configuration for a Ruby on Rails application:<br>```nginx<br>upstream your_app_name {<br>  server unix:/var/www/your_app_name/shared/tmp/sockets/puma.sock;<br>}<br><br>server {<br>  listen 80;<br>  server_name your_domain.com;<br><br>  root /var/www/your_app_name/current/public;<br>  access_log /var/log/nginx/your_app_name.access.log;<br>  error_log /var/log/nginx/your_app_name.error.log;<br><br>  location / {<br>    proxy_pass http://your_app_name;<br>    proxy_set_header Host $host;<br>    proxy_set_header X-Real-IP $remote_addr;<br>    proxy_set_header X-Forwarded-For $proxy_add_x_forwarded_for;<br><br>    proxy_buffering off;<br>    proxy_redirect off;<br>    proxy_http_version 1.1;<br>    proxy_set_header Upgrade $http_upgrade;<br>    proxy_set_header Connection "upgrade";<br>  }<br>}<br>```<br><br>Make sure to replace `your_app_name` with the actual name of your application and `your_domain.com` with your domain name.<br><br>3. **Enable the Nginx site**: Create a symbolic link to enable the site in Nginx:<br>```bash<br>sudo ln -s /etc/nginx/sites-available/your_app_name /etc/nginx/sites-enabled/<br>```<br><br>4. **Remove the default Nginx configuration**: If the default Nginx configuration is present, remove it to avoid conflicts:<br>```bash<br>sudo rm /etc/nginx/sites-enabled/default<br>```<br><br>5. **Restart Nginx**: Restart the Nginx service for the changes to take effect:<br>```bash<br>sudo service nginx restart<br>```<br><br>6. **Configure Capistrano**: Update your Capistrano deployment configuration file (`config/deploy.rb` or `config/deploy/production.rb`) to include the necessary Nginx-related settings. Here''s an example:<br>```ruby<br># config/deploy.rb or config/deploy/production.rb<br>set :nginx_sites_available_path, "/etc/nginx/sites-available"<br>set :nginx_sites_enabled_path, "/etc/nginx/sites-enabled"<br>set :nginx_server_name, "your_domain.com"<br>set :nginx_use_ssl, false<br>```<br><br>Ensure that `your_domain.com` matches the domain name used in the Nginx configuration file.<br><br>That''s it! Now you can deploy your Ruby on Rails application using Capistrano, and Nginx will serve the application through the configured proxy.<br><br>Note: Make sure to adjust the paths, settings, and configurations based on your specific setup and requirements.</div>','Answer',37,'2023-07-19 13:04:58.298110','2023-07-19 13:04:58.298110');
INSERT INTO action_text_rich_texts VALUES(75,'body','','Question',38,'2023-07-19 13:05:13.112925','2023-07-19 13:05:13.112925');
INSERT INTO action_text_rich_texts VALUES(76,'body','<div>In the context of web APIs and HTTP methods, there are two commonly used methods for updating resources: PUT and PATCH. Here''s the difference between them:<br><br>**PUT**: The PUT method is used to update an entire resource. When making a PUT request, you send a complete representation of the resource, including all the fields that need to be updated. The server replaces the entire resource with the new representation provided in the request payload. If a field is not included in the request payload, it is typically set to a default or null value. PUT requests are idempotent, meaning that making the same request multiple times will have the same effect as making it once.<br><br>**PATCH**: The PATCH method is used to update a partial or specific set of fields within a resource. When making a PATCH request, you send a payload containing only the fields that need to be updated. The server applies the changes specified in the request to the existing resource without affecting other fields. PATCH requests are not necessarily idempotent, meaning that making the same request multiple times might result in different outcomes.<br><br>In summary, the main difference between PUT and PATCH is that PUT replaces the entire resource with the new representation provided, while PATCH updates only the specified fields, leaving the rest unchanged. If you have a complete representation of the resource and want to replace it entirely, use PUT. If you want to update specific fields within the resource, use PATCH. The choice between PUT and PATCH depends on the specific requirements and semantics of the API and the resources being updated.</div>','Answer',38,'2023-07-19 13:05:22.255441','2023-07-19 13:05:22.255441');
INSERT INTO action_text_rich_texts VALUES(77,'body','','Question',39,'2023-07-19 13:05:34.281934','2023-07-19 13:05:34.281934');
INSERT INTO action_text_rich_texts VALUES(78,'body','<div><br><br>In Ruby on Rails, the delete and destroy methods are both used to delete records from a database. However, there are some important differences between the two methods.<br><br>The delete method simply removes the record from the database. It does not run any callbacks or filters, and it does not update any associated records. This makes it a quick and efficient way to delete a record, but it can also lead to data inconsistencies if the record is associated with other records.<br><br>The destroy method, on the other hand, runs all of the record''s callbacks and filters before deleting it. It also updates any associated records, if necessary. This makes it a more thorough and reliable way to delete a record, but it can also be slower than the delete method.<br><br></div>','Answer',39,'2023-07-19 13:05:41.693300','2023-07-19 13:05:41.693300');
INSERT INTO action_text_rich_texts VALUES(79,'body','','Question',40,'2023-07-19 13:05:56.653382','2023-07-19 13:05:56.653382');
INSERT INTO action_text_rich_texts VALUES(80,'body','<div>before_save callback is used to validate data before it is saved to the database.        before_action filter is used to authenticate users before they are allowed to access a controller action.</div>','Answer',40,'2023-07-19 13:06:13.626603','2023-07-19 13:06:13.626603');
INSERT INTO action_text_rich_texts VALUES(81,'body','','Question',41,'2023-07-19 13:06:31.228559','2023-07-19 13:06:31.228559');
INSERT INTO action_text_rich_texts VALUES(82,'body','<div>In Ruby on Rails, both the `create` method and the `save` method are used for persisting data to the database, but they have some differences in terms of their return values and behavior.<br><br>1. **create method**: The `create` method is a convenience method provided by Ruby on Rails for creating and saving a new record in the database in a single step. It returns a new object of the corresponding model class if the record is successfully created and saved. If the record fails to save due to validation errors or any other reason, it returns `false`.<br><br>Example:<br>```ruby<br>user = User.create(name: ''John'', age: 25)<br># If the record is successfully created and saved, it returns the user object:<br># =&gt; #&lt;User id: 1, name: "John", age: 25, created_at: "2023-07-01 12:00:00", updated_at: "2023-07-01 12:00:00"&gt;<br><br>user = User.create(name: ''John'', age: nil)<br># If the record fails to save due to validation errors, it returns false:<br># =&gt; false<br>```<br><br>2. **save method**: The `save` method is used to save changes made to an existing object or to create and save a new object. It returns `true` if the record is successfully saved and `false` if it fails to save due to validation errors or any other reason.<br><br>Example:<br>```ruby<br>user = User.new(name: ''John'', age: 25)<br>user.save<br># If the record is successfully saved, it returns true.<br><br>user = User.new(name: ''John'', age: nil)<br>user.save<br># If the record fails to save due to validation errors, it returns false.<br>```<br><br>Additionally, the `save` method can be used to check if a record was successfully saved and handle any validation errors by inspecting the object''s `errors` collection. For example:<br><br>```ruby<br>user = User.new(name: ''John'', age: nil)<br>if user.save<br>  # Success logic<br>else<br>  puts user.errors.full_messages<br>  # Error handling logic<br>end<br>```<br><br>In summary, the `create` method returns the created object if the record is successfully saved or `false` if it fails, while the `save` method returns `true` if the record is successfully saved or `false` if it fails.</div>','Answer',41,'2023-07-19 13:06:40.847860','2023-07-19 13:06:40.847860');
INSERT INTO action_text_rich_texts VALUES(83,'body','','Question',42,'2023-07-19 13:07:02.888992','2023-07-19 13:07:02.888992');
INSERT INTO action_text_rich_texts VALUES(84,'body','<div>In Ruby on Rails, ORM (Object-Relational Mapping) is an integral part of the framework and is primarily handled by the default ORM called ActiveRecord. ActiveRecord is a powerful ORM tool that provides a seamless way to interact with the database using Ruby classes and objects, making database operations more intuitive and developer-friendly.<br><br>Here''s how ActiveRecord works in Rails:<br><br>1. **Model Definition**: In Rails, each database table is represented by a corresponding model class. Models are Ruby classes that inherit from `ActiveRecord::Base`, which is the base class provided by ActiveRecord.<br><br>```ruby<br># Example model for a ''users'' table<br>class User &lt; ActiveRecord::Base<br>end<br>```<br><br>2. **Database Table Mapping**: ActiveRecord automatically maps the attributes of the model to the columns of the corresponding database table. For example, a `User` model with attributes like `name`, `email`, and `created_at` will correspond to a `users` table with the respective columns.<br><br>3. **Model Associations**: ActiveRecord allows you to define associations between models, representing the relationships between different tables in the database. Common associations include `has_many`, `belongs_to`, `has_one`, and `has_many through`.<br><br>```ruby<br># Example model with associations<br>class User &lt; ActiveRecord::Base<br>  has_many :posts<br>  has_many :comments, through: :posts<br>end<br><br>class Post &lt; ActiveRecord::Base<br>  belongs_to :user<br>  has_many :comments<br>end<br><br>class Comment &lt; ActiveRecord::Base<br>  belongs_to :post<br>end<br>```<br><br>4. **Query Interface**: ActiveRecord provides a rich query interface to perform database operations. Developers can use methods like `where`, `find`, `create`, `update`, and `destroy` to interact with the database using Ruby-like syntax.<br><br>```ruby<br># Example queries<br>user = User.where(name: ''John'').first<br>user = User.find(1)<br>new_user = User.create(name: ''Alice'', email: ''alice@example.com'')<br>user.update(name: ''John Doe'')<br>user.destroy<br>```<br><br>5. **Migrations**: ActiveRecord also includes a migration system to manage database schema changes. Migrations allow you to create, modify, or drop database tables and columns using Ruby code, ensuring that your database schema stays in sync with your application''s models.<br><br>```ruby<br># Example migration to create a ''users'' table<br>class CreateUsers &lt; ActiveRecord::Migration[6.1]<br>  def change<br>    create_table :users do |t|<br>      t.string :name<br>      t.string :email<br>      t.timestamps<br>    end<br>  end<br>end<br>```<br><br>By utilizing ActiveRecord in Ruby on Rails, developers can focus on writing Ruby code to interact with the database instead of dealing with raw SQL queries directly. This abstraction greatly simplifies the development process and contributes to Rails'' reputation as a developer-friendly framework.</div>','Answer',42,'2023-07-19 13:08:01.338641','2023-07-19 13:08:01.338641');
INSERT INTO action_text_rich_texts VALUES(85,'body','','Question',43,'2023-07-19 13:08:30.215404','2023-07-19 13:08:30.215404');
INSERT INTO action_text_rich_texts VALUES(86,'body','<div>Sure! Let''s walk through an example of integrating an API using Ruby and the `HTTParty` gem.<br><br>Let''s say we want to integrate with the OpenWeatherMap API to retrieve the current weather for a given location.<br><br>1. **Install Required Gems**: Add `httparty` to your Gemfile and run `bundle install` to install the gem.<br><br>2. **Require Dependencies**: In your Ruby file, require the necessary dependencies:<br>```ruby<br>require ''httparty''<br>```<br><br>3. **Make API Requests**: Use the `HTTParty` library to make requests to the API. Here''s an example of retrieving the current weather using the OpenWeatherMap API:<br><br>```ruby<br>require ''httparty''<br><br># Make a GET request to the API endpoint<br>response = HTTParty.get(''http://api.openweathermap.org/data/2.5/weather?q=London&amp;appid=YOUR_API_KEY'')<br><br># Parse the JSON response<br>weather_data = JSON.parse(response.body)<br><br># Extract the relevant information from the response<br>temperature = weather_data[''main''][''temp'']<br>description = weather_data[''weather''][0][''description'']<br><br># Display the weather information<br>puts "Temperature: #{temperature} Kelvin"<br>puts "Description: #{description}"<br>```<br><br>Make sure to replace `YOUR_API_KEY` with your actual API key obtained from the OpenWeatherMap API.<br><br>In this example, we send a GET request to the OpenWeatherMap API endpoint to fetch the weather data for London. We then parse the JSON response and extract the temperature and description from the response body.<br><br>4. **Handle Errors**: Handle potential errors by checking the response status code and handling them appropriately. For example:<br><br>```ruby<br>require ''httparty''<br><br>response = HTTParty.get(''http://api.openweathermap.org/data/2.5/weather?q=London&amp;appid=YOUR_API_KEY'')<br><br>if response.code == 200<br>  weather_data = JSON.parse(response.body)<br>  temperature = weather_data[''main''][''temp'']<br>  description = weather_data[''weather''][0][''description'']<br>  <br>  puts "Temperature: #{temperature} Kelvin"<br>  puts "Description: #{description}"<br>else<br>  puts "Error: #{response.code} - #{response.message}"<br>end<br>```<br><br>In this updated example, we check the response code. If it is 200, indicating a successful response, we extract the weather information. Otherwise, we display an error message with the response code and message.<br><br>Remember to consult the API documentation for any authentication requirements, request parameters, or headers you need to include.<br><br>That''s a basic example of integrating an API using Ruby and `HTTParty`. You can adapt this approach to integrate with other APIs by modifying the endpoint URL, request parameters, and response handling based on the specific API you are integrating with.</div>','Answer',43,'2023-07-19 13:08:38.558657','2023-07-19 13:08:38.558657');
INSERT INTO action_text_rich_texts VALUES(87,'body','','Question',44,'2023-07-19 13:10:04.827345','2023-07-19 13:10:04.827345');
INSERT INTO action_text_rich_texts VALUES(88,'body','<div>In Ruby on Rails, a scope is a way to define a query that can be reused throughout your application. Scopes are defined in the model and allow you to encapsulate common query logic, making it easier to maintain and reuse queries across different parts of your application.<br><br>Scopes are typically defined using the `scope` method inside the model class. The `scope` method takes two arguments: the name of the scope and a lambda (or block) that defines the query conditions.<br><br>Here''s an example of how to define a scope in a model:<br><br>```ruby<br># app/models/post.rb<br>class Post &lt; ApplicationRecord<br>  scope :published, -&gt; { where(published: true) }<br>end<br>```<br><br>In this example, we have a `Post` model with a boolean column called `published`. The scope `published` is defined to retrieve only the posts that are marked as published (`published: true`).<br><br>Now, you can use this scope in your application:<br><br>```ruby<br># Example usage of the scope<br>published_posts = Post.published<br>```<br><br>By using the `published` scope, you can easily retrieve all the published posts without writing the same query multiple times.<br><br>You can also chain scopes together to create more complex queries:<br><br>```ruby<br># app/models/post.rb<br>class Post &lt; ApplicationRecord<br>  scope :published, -&gt; { where(published: true) }<br>  scope :recent, -&gt; { order(created_at: :desc) }<br>end<br>```<br><br>```ruby<br># Example usage of chained scopes<br>recent_published_posts = Post.published.recent<br>```<br><br>In this example, we chain the `published` and `recent` scopes to retrieve published posts ordered by their creation date in descending order.<br><br>Scopes are a powerful way to encapsulate and reuse query logic in Ruby on Rails. They make your code more readable, maintainable, and DRY (Don''t Repeat Yourself). When using scopes, be mindful of naming conventions to ensure that the scope names are descriptive and provide a clear indication of what the query does.</div>','Answer',44,'2023-07-19 13:10:10.493370','2023-07-19 13:10:10.493370');
INSERT INTO action_text_rich_texts VALUES(89,'body','','Question',45,'2023-07-19 13:10:27.120709','2023-07-19 13:10:27.120709');
INSERT INTO action_text_rich_texts VALUES(90,'body','<div> a callback is a method that is called at certain moments in the life cycle of an object. For example, there are callbacks that are called before and after an object is saved to the database.<br><br>Here are some of the most common types of callbacks in Rails:<br><br>before_*: These callbacks are called before the object is saved, updated, or destroyed.<br>after_*: These callbacks are called after the object is saved, updated, or destroyed.<br>around_*: These callbacks are called before and after the object is saved, updated, or destroyed.<br>validate_*: These callbacks are called to validate the object''s data.<br>after_initialize: This callback is called after the object is initialized.<br>after_find: This callback is called after the object is loaded from the database.</div>','Answer',45,'2023-07-19 13:12:18.532061','2023-07-19 13:12:18.532061');
INSERT INTO action_text_rich_texts VALUES(91,'body','','Question',46,'2023-07-19 13:24:55.703138','2023-07-19 13:24:55.703138');
INSERT INTO action_text_rich_texts VALUES(92,'body','<div>In Ruby on Rails, a model can have several types of association relationships with other models. Here are the main types of associations:<br><br>1. **One-to-One (1:1) Relationship**: In a one-to-one relationship, each record in one model is associated with exactly one record in another model, and vice versa. This is typically achieved by using a foreign key in one of the models. For example, a `User` model may have a one-to-one relationship with a `Profile` model, where each user has one profile.<br><br>2. **One-to-Many (1:N) Relationship**: In a one-to-many relationship, a record in one model can be associated with multiple records in another model, but each record in the second model is associated with only one record in the first model. This is achieved by using a foreign key in the model with the many records. For example, a `User` model may have a one-to-many relationship with a `Post` model, where a user can have multiple posts, but each post belongs to only one user.<br><br>3. **Many-to-Many (N:N) Relationship**: In a many-to-many relationship, multiple records in one model can be associated with multiple records in another model, and vice versa. This relationship is typically implemented using a join table that holds the associations between the two models. For example, a `User` model may have a many-to-many relationship with a `Group` model, where a user can belong to multiple groups, and a group can have multiple users.<br><br>4. **Polymorphic Association**: Polymorphic associations allow a model to belong to more than one other model, where the association can be of different types. This is useful when a model can be associated with different models without having to create separate foreign key columns for each association. For example, a `Comment` model can belong to either a `Post` model or a `Photo` model, using a single `commentable_id` and `commentable_type` field to determine the associated record.<br><br>These are the main types of association relationships in Ruby on Rails. Each type of association serves different purposes and is used based on the specific requirements and relationships between models in your application.</div>','Answer',46,'2023-07-19 13:25:03.016549','2023-07-19 13:25:03.016549');
INSERT INTO action_text_rich_texts VALUES(93,'body','','Question',47,'2023-07-19 13:28:41.478707','2023-07-19 13:28:41.478707');
INSERT INTO action_text_rich_texts VALUES(94,'body','<div>Active Record is an object-relational mapping (ORM) framework that is used in Ruby on Rails. ORM frameworks provide a way to map data between objects in your Ruby code and tables in a database.<br><br>Active Record provides a number of features that make it easy to work with databases in Ruby on Rails. These features include:<br><br>Model classes: Active Record provides a model class for each table in your database. Model classes provide methods for accessing and manipulating data in the database table.<br>Querying: Active Record provides a number of methods for querying data in the database. These methods can be used to select, insert, update, and delete data from the database.<br>Validations: Active Record provides a way to validate data before it is saved to the database. Validations can be used to ensure that data meets certain criteria, such as a minimum length or a maximum value.<br>Callbacks: Active Record provides a way to execute code before or after certain events occur, such as a record being saved or deleted. Callbacks can be used to perform tasks such as sending notifications or updating other records.<br>Active Record is a powerful tool that can be used to simplify the development of database-driven applications in Ruby on Rails. By using Active Record, you can focus on your application''s business logic and let Active Record handle the interaction with the database.</div>','Answer',47,'2023-07-19 13:28:50.704834','2023-07-19 13:28:50.704834');
INSERT INTO action_text_rich_texts VALUES(95,'body','','Question',48,'2023-07-19 13:29:11.345286','2023-07-19 13:29:11.345286');
INSERT INTO action_text_rich_texts VALUES(96,'body','<div>The Gemfile and Gemfile.lock are both used in Ruby projects to manage gem dependencies, but they serve different purposes:<br><br>1. **Gemfile**: The Gemfile is a plain-text file where you define the gems (libraries) that your project depends on. It lists the gems, along with their versions and any additional configuration, required by your application. The Gemfile acts as a manifest for your project''s dependencies.<br><br>Here''s an example of a Gemfile:<br><br>```ruby<br>source ''https://rubygems.org''<br><br>gem ''rails'', ''6.1.4''<br>gem ''devise'', ''~&gt; 4.8.0''<br>gem ''paperclip'', ''~&gt; 6.1.0''<br>```<br><br>In the example above, the Gemfile specifies that the project requires Rails version 6.1.4, Devise version 4.8.0 or later, and Paperclip version 6.1.0 or later.<br><br>2. **Gemfile.lock**: The Gemfile.lock is an automatically generated file that locks the exact versions of all the gems specified in the Gemfile. It ensures that the project will use the same gem versions consistently across different environments and deployments.<br><br>The Gemfile.lock is generated by running the `bundle install` command, which resolves the gem dependencies based on the Gemfile and creates a Gemfile.lock file with the specific gem versions installed.<br><br>Here''s an example of a Gemfile.lock:<br><br>```ruby<br>GEM<br>  remote: https://rubygems.org/<br>  specs:<br>    rails (6.1.4)<br>      actioncable (= 6.1.4)<br>      actionmailbox (= 6.1.4)<br>      actionmailer (= 6.1.4)<br>      ...<br>    devise (4.8.0)<br>      bcrypt (&gt;= 3.1.12)<br>      ...<br>    paperclip (6.1.0)<br>      activemodel (&gt;= 5.2.0)<br>      activesupport (&gt;= 5.2.0)<br>      ...<br>```<br><br>The Gemfile.lock file provides an explicit record of the gem versions installed in your project. It ensures that these specific versions are used, even if newer versions are available.<br><br>The Gemfile and Gemfile.lock work together to manage gem dependencies in a Ruby project. The Gemfile defines the requirements, while the Gemfile.lock guarantees consistent versions across different environments. It is important to commit both files to version control so that others working on the project can install the exact same gem versions.</div>','Answer',48,'2023-07-19 13:29:34.825653','2023-07-19 13:29:34.825653');
INSERT INTO action_text_rich_texts VALUES(97,'body','','Question',49,'2023-07-19 13:29:50.742803','2023-07-19 13:29:50.742803');
INSERT INTO action_text_rich_texts VALUES(98,'body','<div>In the context of ActiveRecord associations in Ruby on Rails, `includes` and `references` are used to load associated records from the database. However, they serve different purposes:<br><br>1. **`includes`**: The `includes` method is used to eager load associated records along with the main records in a single database query. It helps to reduce the number of database queries and improve performance by preloading the associated data.<br><br>Here''s an example usage of `includes`:<br><br>```ruby<br>@posts = Post.includes(:comments)<br>```<br><br>In this example, the `includes(:comments)` method eager loads the comments associated with each post. When accessing the comments for a post, Rails will not make an additional database query but instead use the preloaded data.<br><br>2. **`references`**: The `references` method is used to include references to associated tables in a query. It is primarily used when you need to join or filter records based on associations.<br><br>Here''s an example usage of `references`:<br><br>```ruby<br>@posts = Post.includes(:comments).where(''comments.created_at &gt; ?'', 1.week.ago).references(:comments)<br>```<br><br>In this example, the `references(:comments)` method includes a reference to the `comments` table so that the subsequent `where` clause can filter based on the `comments` association. It ensures that the SQL query generated includes the necessary join and conditions on the associated table.<br><br>To summarize:<br><br>- `includes` is used for eager loading associations to reduce database queries and improve performance.<br>- `references` is used to include references to associated tables in queries, particularly when joining or filtering based on associations.<br><br>Note that both `includes` and `references` work together and can be used in combination to load and manipulate associated records efficiently.</div>','Answer',49,'2023-07-19 13:29:59.436534','2023-07-19 13:29:59.436534');
INSERT INTO action_text_rich_texts VALUES(99,'body','','Question',50,'2023-07-19 13:30:13.784446','2023-07-19 13:30:13.784446');
INSERT INTO action_text_rich_texts VALUES(100,'body','<div>In Ruby on Rails, `find`, `find_by`, and `where` are methods used to query the database and retrieve records from a model. While they can be used to achieve similar results, there are some differences in their behavior and how they are used:<br><br>1. **`find` Method:**<br>   - `find` is used to retrieve a record by its primary key (`id`).<br>   - It expects a single argument, which is the primary key value of the record you want to find.<br>   - If a record with the specified primary key exists, it will be returned as a single object.<br>   - If no record is found with the specified primary key, it raises an `ActiveRecord::RecordNotFound` error.<br>   - Example:<br><br>```ruby<br>user = User.find(1)<br># Retrieves the user record with id = 1<br>```<br><br>2. **`find_by` Method:**<br>   - `find_by` is used to retrieve a record by specifying one or more conditions.<br>   - It expects a hash of conditions where the keys represent the column names and the values represent the desired values for those columns.<br>   - It returns the first record that matches the specified conditions.<br>   - If no record is found, it returns `nil`.<br>   - Example:<br><br>```ruby<br>user = User.find_by(email: ''example@example.com'')<br># Retrieves the first user record with email = ''example@example.com''<br>```<br><br>3. **`where` Method:**<br>   - `where` is used to retrieve records based on specified conditions.<br>   - It expects a hash of conditions or an SQL fragment as a string.<br>   - It returns an ActiveRecord::Relation object, which allows you to chain additional methods or conditions.<br>   - It doesn''t retrieve the records immediately; instead, it builds a query that can be further modified or executed later.<br>   - Example:<br><br>```ruby<br>users = User.where(role: ''admin'')<br># Retrieves all user records with role = ''admin''<br>```<br><br>In summary:<br>- `find` is used to retrieve a record by its primary key (`id`).<br>- `find_by` is used to retrieve a record by specifying one or more conditions and returns the first matching record.<br>- `where` is used to retrieve records based on specified conditions and returns an ActiveRecord::Relation object for further chaining or execution.<br><br>Note that `find` and `find_by` are designed to retrieve a single record, while `where` can retrieve multiple records.</div>','Answer',50,'2023-07-19 13:30:23.994798','2023-07-19 13:30:23.994798');
INSERT INTO action_text_rich_texts VALUES(101,'body','','Question',51,'2023-07-19 13:30:40.876122','2023-07-19 13:30:40.876122');
INSERT INTO action_text_rich_texts VALUES(102,'body','<div>In Ruby, `count`, `length`, and `size` are methods used to determine the size or length of a collection such as an array or a hash. While they are often used interchangeably, there are some differences in their behavior and purpose:<br><br>1. **`count` Method:**<br>   - `count` is a method that returns the number of elements in a collection that satisfy a specific condition.<br>   - It can be used with a block to count elements that meet a certain criteria or without a block to count all elements in the collection.<br>   - It allows you to specify a condition or criteria for counting elements based on your requirements.<br>   - Example:<br><br>```ruby<br>numbers = [1, 2, 3, 4, 5]<br><br>even_count = numbers.count { |num| num.even? }<br># Output: 2 (counts the even elements)<br><br>all_count = numbers.count<br># Output: 5 (counts all elements)<br>```<br><br>2. **`length` Method:**<br>   - `length` is a method that returns the number of elements in a collection.<br>   - It doesn''t take any arguments or conditions.<br>   - It simply returns the total number of elements in the collection.<br>   - Example:<br><br>```ruby<br>numbers = [1, 2, 3, 4, 5]<br><br>length = numbers.length<br># Output: 5 (counts all elements)<br>```<br><br>3. **`size` Method:**<br>   - `size` is a method that also returns the number of elements in a collection.<br>   - It behaves similar to `length` and is often used interchangeably.<br>   - It doesn''t take any arguments or conditions.<br>   - It simply returns the total number of elements in the collection.<br>   - Example:<br><br>```ruby<br>numbers = [1, 2, 3, 4, 5]<br><br>size = numbers.size<br># Output: 5 (counts all elements)<br>```<br><br>In general, the differences between `count`, `length`, and `size` are subtle:<br>- `count` allows you to specify a condition for counting elements.<br>- `length` and `size` are used interchangeably and simply return the total number of elements in the collection.<br><br>For most use cases, you can use any of these methods based on your preference and the specific requirements of your code.</div>','Answer',51,'2023-07-19 13:30:53.404146','2023-07-19 13:30:53.404146');
INSERT INTO action_text_rich_texts VALUES(103,'body','','Question',52,'2023-07-19 13:31:10.580998','2023-07-19 13:31:10.580998');
INSERT INTO action_text_rich_texts VALUES(104,'body','<div>In Ruby, `select`, `map`, `collect`, and `each` are methods used to iterate over collections like arrays or hashes and perform different operations on the elements. Although they have some similarities, there are key differences in their behavior and purpose.<br><br>1. **`each` Method:**<br>   - `each` is an enumerable method that allows you to iterate over a collection and perform an action on each element.<br>   - It doesn''t modify the original collection; it simply executes the provided block for each element.<br>   - It returns the original collection itself after iteration.<br>   - Example:<br><br>```ruby<br>numbers = [1, 2, 3, 4, 5]<br><br>numbers.each { |num| puts num * 2 }<br># Output: 2, 4, 6, 8, 10<br>```<br><br>2. **`select` Method:**<br>   - `select` is an enumerable method that iterates over a collection and returns a new collection containing only the elements that satisfy a given condition.<br>   - It evaluates the provided block for each element and includes the element in the new collection if the block returns `true`.<br>   - Example:<br><br>```ruby<br>numbers = [1, 2, 3, 4, 5]<br><br>even_numbers = numbers.select { |num| num.even? }<br># Output: [2, 4]<br>```<br><br>3. **`map` or `collect` Method:**<br>   - `map` or `collect` is an enumerable method that iterates over a collection and transforms each element based on the logic provided in the block.<br>   - It returns a new collection containing the transformed elements.<br>   - It is commonly used when you want to perform some operation on each element and collect the results.<br>   - Example:<br><br>```ruby<br>numbers = [1, 2, 3, 4, 5]<br><br>squared_numbers = numbers.map { |num| num**2 }<br># Output: [1, 4, 9, 16, 25]<br>```<br><br>The `map` and `collect` methods are aliases and can be used interchangeably.<br><br>In summary, the main differences are:<br>- `each` is for iterating over a collection and performing an action without modifying the original collection.<br>- `select` is for filtering elements based on a condition and returning a new collection.<br>- `map` or `collect` is for transforming each element in a collection and returning a new collection with the transformed elements.<br><br>Note: The return value of `select`, `map`, or `collect` is a new collection, while `each` returns the original collection itself.</div>','Answer',52,'2023-07-19 13:31:18.854899','2023-07-19 13:31:18.854899');
INSERT INTO action_text_rich_texts VALUES(105,'body','','Question',53,'2023-07-19 13:31:37.944153','2023-07-19 13:31:37.944153');
INSERT INTO action_text_rich_texts VALUES(106,'body','<div>To define the associations for the scenario where a user can belong to multiple companies with different roles, you can use the following models and associations:<br><br>1. **User Model**:<br><br>```ruby<br># user.rb<br>class User &lt; ApplicationRecord<br>  has_many :user_companies<br>  has_many :companies, through: :user_companies<br>end<br>```<br><br>2. **Company Model**:<br><br>```ruby<br># company.rb<br>class Company &lt; ApplicationRecord<br>  has_many :user_companies<br>  has_many :users, through: :user_companies<br>end<br>```<br><br>3. **UserRole Model**:<br><br>```ruby<br># user_role.rb<br>class UserRole &lt; ApplicationRecord<br>  belongs_to :user<br>  belongs_to :company<br><br>  enum role: { admin: 0, employee: 1, manager: 2 }<br>end<br>```<br><br>4. **UserCompany Model**:<br><br>```ruby<br># user_company.rb<br>class UserCompany &lt; ApplicationRecord<br>  belongs_to :user<br>  belongs_to :company<br>  belongs_to :user_role<br><br>  delegate :role, to: :user_role<br>end<br>```<br><br>In this setup, the `User` model has a many-to-many association with the `Company` model through the `UserCompany` model. The `UserCompany` model acts as a join model, and the `UserRole` model is used to define the different roles a user can have in a company.<br><br>To design the database schema for this association, you will need the following tables:<br><br>1. **users**:<br>   - id (primary key)<br>   - other user-related columns<br><br>2. **companies**:<br>   - id (primary key)<br>   - other company-related columns<br><br>3. **user_roles**:<br>   - id (primary key)<br>   - user_id (foreign key referencing users.id)<br>   - company_id (foreign key referencing companies.id)<br>   - role (string column to store the role, e.g., ''admin'', ''employee'', ''manager'')<br><br>4. **user_companies**:<br>   - id (primary key)<br>   - user_id (foreign key referencing users.id)<br>   - company_id (foreign key referencing companies.id)<br>   - user_role_id (foreign key referencing user_roles.id)<br><br>To generate the necessary models and migrations, you can use the following commands:<br><br>```bash<br>rails generate model User<br>rails generate model Company<br>rails generate model UserRole user:references company:references role:string<br>rails generate model UserCompany user:references company:references user_role:references<br>```<br><br>This will generate the models and migration files. Open the migration files and update them according to the schema design described above.<br><br>To create a user with a specific role in a company, you can use the following example:<br><br>```ruby<br># Create a new user<br>user = User.create(name: "John")<br><br># Create a new company<br>company = Company.create(name: "Acme Inc.")<br><br># Create a user role for the user in the company<br>user_role = UserRole.create(user: user, company: company, role: :admin)<br><br># Associate the user with the company and user role<br>UserCompany.create(user: user, company: company, user_role: user_role)<br>```<br><br>To query which user belongs to which company and their roles, you can use the following ActiveRecord queries:<br><br>```ruby<br># Find a user''s companies and roles<br>user = User.find(1)<br>companies = user.companies<br>user_companies = user.user_companies<br><br># Find a company''s users and their roles<br>company = Company.find(1)<br>users = company.users<br>user_companies = company.user_companies<br>```<br><br>These queries will return the associated records, allowing you to access the user''s companies, the company''s users, and the user''s roles within</div>','Answer',53,'2023-07-19 13:31:52.781610','2023-07-19 13:31:52.781610');
INSERT INTO action_text_rich_texts VALUES(107,'body','','Question',54,'2023-07-19 13:32:07.403633','2023-07-19 13:32:07.403633');
INSERT INTO action_text_rich_texts VALUES(108,'body','<div>Sure! Let''s see examples of both `has_and_belongs_to_many` and `has_many :through` associations in Ruby on Rails.<br><br>**Example: `has_and_belongs_to_many` Association**<br><br>Suppose we have two models: `User` and `Role`. A user can have multiple roles, and a role can be associated with multiple users.<br><br>1. **User Model**:<br><br>```ruby<br># user.rb<br>class User &lt; ApplicationRecord<br>  has_and_belongs_to_many :roles<br>end<br>```<br><br>2. **Role Model**:<br><br>```ruby<br># role.rb<br>class Role &lt; ApplicationRecord<br>  has_and_belongs_to_many :users<br>end<br>```<br><br>To establish this many-to-many association, we need to create a join table, following the Rails naming convention. In this case, the join table should be named `roles_users`.<br><br>Create a migration to create the join table:<br><br>```bash<br>rails generate migration CreateJoinTableRolesUsers roles users<br>```<br><br>This will generate a migration file. Open the migration file and update it as follows:<br><br>```ruby<br># db/migrate/20230701123456_create_join_table_roles_users.rb<br>class CreateJoinTableRolesUsers &lt; ActiveRecord::Migration[6.1]<br>  def change<br>    create_join_table :roles, :users do |t|<br>      t.index [:role_id, :user_id]<br>      t.index [:user_id, :role_id]<br>    end<br>  end<br>end<br>```<br><br>Run the migration to create the join table:<br><br>```bash<br>rails db:migrate<br>```<br><br>Now, you can use the `has_and_belongs_to_many` association to work with the user-role relationship:<br><br>```ruby<br># Create a new user<br>user = User.create(name: "John")<br><br># Create a new role<br>role = Role.create(name: "Admin")<br><br># Associate the role with the user<br>user.roles &lt;&lt; role<br><br># Access roles of a user<br>user.roles  # Returns an array of roles associated with the user<br><br># Access users of a role<br>role.users  # Returns an array of users associated with the role<br>```<br><br>The `has_and_belongs_to_many` association provides a straightforward way to establish a basic many-to-many relationship without the need for an explicit join model.<br><br>**Example: `has_many :through` Association**<br><br>Now let''s look at an example of the `has_many :through` association using the same `User` and `Role` models.<br><br>1. **User Model**:<br><br>```ruby<br># user.rb<br>class User &lt; ApplicationRecord<br>  has_many :user_roles<br>  has_many :roles, through: :user_roles<br>end<br>```<br><br>2. **Role Model**:<br><br>```ruby<br># role.rb<br>class Role &lt; ApplicationRecord<br>  has_many :user_roles<br>  has_many :users, through: :user_roles<br>end<br>```<br><br>3. **UserRole Model**:<br><br>```ruby<br># user_role.rb<br>class UserRole &lt; ApplicationRecord<br>  belongs_to :user<br>  belongs_to :role<br>end<br>```<br><br>To set up the `has_many :through` association, we use an intermediate model called `UserRole` to represent the join table.<br><br>Create a migration to create the `user_roles` table:<br><br>```bash<br>rails generate migration CreateUserRoles<br>```<br><br>Open the migration file and update it as follows:<br><br>```ruby<br># db/migrate/20230701123457_create_user_roles.rb<br>class CreateUserRoles &lt; ActiveRecord::Migration[6.1]<br>  def change<br>    create_table :user_roles do |t|<br>      t.references :user, foreign_key: true<br>      t.references :role, foreign_key: true<br>      t.timestamps<br>    end<br>  end<br>end<br>```<br><br>Run the migration:<br><br><br></div>','Answer',54,'2023-07-19 13:32:28.114281','2023-07-19 13:32:28.114281');
INSERT INTO action_text_rich_texts VALUES(109,'body','','Question',55,'2023-07-19 13:32:52.974703','2023-07-19 13:32:52.974703');
INSERT INTO action_text_rich_texts VALUES(110,'body','<div>To retrieve values from a polymorphic association in Ruby on Rails, you can use the methods provided by ActiveRecord to access the associated records. Polymorphic associations allow a model to belong to more than one other model on a single association.<br><br>Here''s how you can retrieve values from a polymorphic association:<br><br>Assuming you have the following models and a polymorphic association:<br><br>```ruby<br># comment.rb<br>class Comment &lt; ApplicationRecord<br>  belongs_to :commentable, polymorphic: true<br>end<br><br># post.rb<br>class Post &lt; ApplicationRecord<br>  has_many :comments, as: :commentable<br>end<br><br># photo.rb<br>class Photo &lt; ApplicationRecord<br>  has_many :comments, as: :commentable<br>end<br>```<br><br>1. Retrieving Comments for a Post or a Photo:<br><br>```ruby<br># Retrieve comments for a post with id 1<br>post = Post.find(1)<br>comments_for_post = post.comments<br><br># Retrieve comments for a photo with id 2<br>photo = Photo.find(2)<br>comments_for_photo = photo.comments<br>```<br><br>In this example, you can retrieve the comments associated with a specific post or photo using the `comments` association method. The `comments` method will return a collection of `Comment` objects related to the specific post or photo.<br><br>2. Retrieving the Commentable Object:<br><br>```ruby<br># Retrieve the commentable object for a specific comment<br>comment = Comment.find(1)<br>commentable = comment.commentable<br><br># Now you can access attributes or methods of the commentable object<br>if commentable.is_a?(Post)<br>  puts "This comment is for a Post with title: #{commentable.title}"<br>elsif commentable.is_a?(Photo)<br>  puts "This comment is for a Photo with description: #{commentable.description}"<br>end<br>```<br><br>In this example, you can retrieve the commentable object associated with a specific comment using the `commentable` method. The `commentable` method will return either a `Post` or `Photo` object, depending on which model the comment is associated with. You can then access attributes or methods of the associated object as needed.<br><br>Polymorphic associations are useful when you have models that can be associated with different types of other models. They provide flexibility and allow you to create more generic and reusable code.</div>','Answer',55,'2023-07-19 13:33:03.705206','2023-07-19 13:33:03.705206');
INSERT INTO action_text_rich_texts VALUES(111,'body','','Question',56,'2023-07-19 13:33:19.713394','2023-07-19 13:33:19.713394');
INSERT INTO action_text_rich_texts VALUES(112,'body','<div>The N+1 query problem is a performance issue that occurs when retrieving associated records in a loop, resulting in excessive database queries. It gets its name from the fact that for each main record, an additional query is made to fetch the associated records, leading to N+1 queries.<br><br>Here''s an example to illustrate the N+1 query problem:<br><br>```ruby<br># Retrieve all posts<br>@posts = Post.all<br><br># Iterate over each post and access associated comments<br>@posts.each do |post|<br>  puts post.title<br>  puts post.comments.count<br>end<br>```<br><br>In this example, when iterating over the `@posts` collection and accessing the `comments` association for each post, a separate database query is executed for each post to fetch the associated comments. This can lead to a significant number of queries, resulting in performance degradation.<br><br>To resolve the N+1 query problem in Rails, you can use eager loading techniques. Eager loading allows you to fetch the associated records in a more efficient way, reducing the number of queries.<br><br>One approach is to use the `includes` method to eager load the associated records. Here''s an updated example:<br><br>```ruby<br># Retrieve all posts with eager-loaded comments<br>@posts = Post.includes(:comments).all<br><br># Iterate over each post and access associated comments<br>@posts.each do |post|<br>  puts post.title<br>  puts post.comments.count<br>end<br>```<br><br>In this updated example, the `includes(:comments)` method is used to eager load the comments along with the posts in a single query. Now, when accessing the `comments` association in the loop, Rails will utilize the preloaded data instead of making separate queries.<br><br>By using eager loading techniques like `includes`, you can minimize the number of database queries and improve the performance of your Rails application. It''s important to identify and address N+1 query problems, especially when working with larger datasets or complex associations.</div>','Answer',56,'2023-07-19 13:33:28.538188','2023-07-19 13:33:28.538188');
INSERT INTO action_text_rich_texts VALUES(113,'body','','Question',57,'2023-07-24 09:36:35.935789','2023-07-24 09:36:35.935789');
INSERT INTO action_text_rich_texts VALUES(114,'body','','Question',58,'2023-07-24 09:36:59.088709','2023-07-24 09:36:59.088709');
INSERT INTO action_text_rich_texts VALUES(115,'body','','Question',59,'2023-07-24 09:37:17.236459','2023-07-24 09:37:17.236459');
INSERT INTO action_text_rich_texts VALUES(116,'body','','Question',60,'2023-07-24 09:37:34.735067','2023-07-24 09:37:34.735067');
INSERT INTO action_text_rich_texts VALUES(117,'body','','Question',61,'2023-07-24 09:37:47.097465','2023-07-24 09:37:47.097465');
INSERT INTO action_text_rich_texts VALUES(118,'body','','Question',62,'2023-07-24 09:38:08.564100','2023-07-24 09:38:08.564100');
INSERT INTO action_text_rich_texts VALUES(119,'body','','Question',63,'2023-07-24 09:38:25.661208','2023-07-24 09:38:25.661208');
INSERT INTO action_text_rich_texts VALUES(120,'body','','Question',64,'2023-07-24 09:38:53.109693','2023-07-24 09:38:53.109693');
INSERT INTO action_text_rich_texts VALUES(121,'body','<div>In Ruby, getters and setters are methods used to access and modify the instance variables of a class. They are a way to expose the attributes of an object and control how they are accessed and updated. Getters are used to retrieve the values of instance variables, while setters are used to set or modify their values.<br><br>Here''s a brief explanation of getters and setters in Ruby:<br><br>1. Getter Method:<br>A getter method is used to retrieve the value of an instance variable. By convention, getter methods are named after the instance variable they access, prefixed with the `get_` or simply the variable name. However, in Ruby, it is more common to create getters without the prefix, relying on the method''s name to indicate that it is a getter.<br><br>Here''s an example of a getter method in Ruby:<br><br>```ruby<br>class Person<br>  def initialize(name)<br>    @name = name<br>  end<br><br>  # Getter method for the ''name'' instance variable<br>  def name<br>    @name<br>  end<br>end<br><br>person = Person.new("John")<br>puts person.name # Output: John<br>```<br><br>2. Setter Method:<br>A setter method is used to modify the value of an instance variable. By convention, setter methods are named after the instance variable they update, suffixed with `=` or simply the variable name followed by `=`.<br><br>Here''s an example of a setter method in Ruby:<br><br>```ruby<br>class Person<br>  def initialize(name)<br>    @name = name<br>  end<br><br>  # Getter method for the ''name'' instance variable<br>  def name<br>    @name<br>  end<br><br>  # Setter method for the ''name'' instance variable<br>  def name=(new_name)<br>    @name = new_name<br>  end<br>end<br><br>person = Person.new("John")<br>puts person.name # Output: John<br><br>person.name = "Jane"<br>puts person.name # Output: Jane<br>```<br><br>Ruby provides a convenient syntax for defining getters and setters using `attr_reader`, `attr_writer`, and `attr_accessor`.<br><br>- `attr_reader` automatically creates the getter method for the specified instance variable.<br>- `attr_writer` automatically creates the setter method for the specified instance variable.<br>- `attr_accessor` automatically creates both the getter and setter methods for the specified instance variable.<br><br>Here''s how the previous example can be rewritten using `attr_reader` and `attr_writer`:<br><br>```ruby<br>class Person<br>  attr_reader :name<br>  attr_writer :name<br><br>  def initialize(name)<br>    @name = name<br>  end<br>end<br><br>person = Person.new("John")<br>puts person.name # Output: John<br><br>person.name = "Jane"<br>puts person.name # Output: Jane<br>```<br><br>Using `attr_accessor`, we can achieve the same result more concisely:<br><br>```ruby<br>class Person<br>  attr_accessor :name<br><br>  def initialize(name)<br>    @name = name<br>  end<br>end<br><br>person = Person.new("John")<br>puts person.name # Output: John<br><br>person.name = "Jane"<br>puts person.name # Output: Jane<br>```<br><br>By using getters and setters, we can encapsulate the internal state of an object, making it easier to control and manipulate its attributes while adhering to principles of encapsulation and data hiding.</div>','Answer',57,'2023-07-25 12:40:25.909854','2023-07-25 12:40:25.909854');
INSERT INTO action_text_rich_texts VALUES(122,'body','','Question',65,'2023-07-28 07:27:47.151800','2023-07-28 07:27:47.151800');
INSERT INTO action_text_rich_texts VALUES(123,'body','<div>Here is the list of what will NOT be included</div><div><br></div><div>action_cable : integration of websockets into Rails.</div><div>action_mailbox : integration of e-mail inbox behaviour into Rails controllers.</div><div>action_mailer : send email with Rails.</div><div>action_text : add the ability to put a HTML into Rails.</div><div>active_job : add the ability to create background jobs</div><div>active_storage : ability to upload files through 3rd party tools like AWS</div><div>bootsnap : boot a Rails app faster</div><div>jbuilder : build JSON response</div><div>spring : boot a Rails app faster (like bootsnap, but differently...)</div><div>system_tests : functional testing abilities</div><div>turbolinks : now deprecated and replaced by Turbo. Allow a SPA-mode navigation once app is loaded in browser.</div><div>webpack : the famous JavaScript bundler.</div>','Answer',58,'2023-07-28 07:27:51.287752','2023-07-28 07:27:51.287752');
INSERT INTO action_text_rich_texts VALUES(124,'body','','Question',66,'2023-07-28 07:28:58.270754','2023-07-28 07:28:58.270754');
INSERT INTO action_text_rich_texts VALUES(125,'body','','Question',67,'2023-07-28 07:29:13.833139','2023-07-28 07:29:13.833139');
INSERT INTO action_text_rich_texts VALUES(126,'body','','Question',68,'2023-07-28 07:29:31.444107','2023-07-28 07:29:31.444107');
DELETE FROM sqlite_sequence;
INSERT INTO sqlite_sequence VALUES('questions',68);
INSERT INTO sqlite_sequence VALUES('action_text_rich_texts',126);
INSERT INTO sqlite_sequence VALUES('answers',58);
CREATE INDEX "index_answers_on_question_id" ON "answers" ("question_id");
CREATE UNIQUE INDEX "index_active_storage_blobs_on_key" ON "active_storage_blobs" ("key");
CREATE INDEX "index_active_storage_attachments_on_blob_id" ON "active_storage_attachments" ("blob_id");
CREATE UNIQUE INDEX "index_active_storage_attachments_uniqueness" ON "active_storage_attachments" ("record_type", "record_id", "name", "blob_id");
CREATE UNIQUE INDEX "index_active_storage_variant_records_uniqueness" ON "active_storage_variant_records" ("blob_id", "variation_digest");
CREATE UNIQUE INDEX "index_action_text_rich_texts_uniqueness" ON "action_text_rich_texts" ("record_type", "record_id", "name");
COMMIT;
